[{"model": "admin.logentry", "pk": 1, "fields": {"action_time": "2024-10-04T16:20:05.298Z", "user": 1, "content_type": 7, "object_id": "1", "object_repr": "Brand object (1)", "action_flag": 1, "change_message": "[{\"added\": {}}]"}}, {"model": "admin.logentry", "pk": 2, "fields": {"action_time": "2024-10-04T16:20:35.110Z", "user": 1, "content_type": 11, "object_id": "1", "object_repr": "Uomo", "action_flag": 1, "change_message": "[{\"added\": {}}]"}}, {"model": "admin.logentry", "pk": 3, "fields": {"action_time": "2024-10-04T16:21:34.348Z", "user": 1, "content_type": 8, "object_id": "1", "object_repr": "Rosso", "action_flag": 1, "change_message": "[{\"added\": {}}]"}}, {"model": "admin.logentry", "pk": 4, "fields": {"action_time": "2024-10-04T16:21:39.648Z", "user": 1, "content_type": 10, "object_id": "1", "object_repr": "S", "action_flag": 1, "change_message": "[{\"added\": {}}]"}}, {"model": "admin.logentry", "pk": 5, "fields": {"action_time": "2024-10-04T16:21:43.277Z", "user": 1, "content_type": 10, "object_id": "2", "object_repr": "M", "action_flag": 1, "change_message": "[{\"added\": {}}]"}}, {"model": "admin.logentry", "pk": 6, "fields": {"action_time": "2024-10-04T16:21:46.983Z", "user": 1, "content_type": 10, "object_id": "3", "object_repr": "L", "action_flag": 1, "change_message": "[{\"added\": {}}]"}}, {"model": "admin.logentry", "pk": 7, "fields": {"action_time": "2024-10-04T16:21:54.982Z", "user": 1, "content_type": 8, "object_id": "2", "object_repr": "Verde", "action_flag": 1, "change_message": "[{\"added\": {}}]"}}, {"model": "admin.logentry", "pk": 8, "fields": {"action_time": "2024-10-04T16:22:06.482Z", "user": 1, "content_type": 8, "object_id": "3", "object_repr": "Blu", "action_flag": 1, "change_message": "[{\"added\": {}}]"}}, {"model": "admin.logentry", "pk": 9, "fields": {"action_time": "2024-10-04T16:22:56.073Z", "user": 1, "content_type": 12, "object_id": "1", "object_repr": "1-T-Shirt", "action_flag": 1, "change_message": "[{\"added\": {}}, {\"added\": {\"name\": \"product color\", \"object\": \"1-T-Shirt-Rosso\"}}, {\"added\": {\"name\": \"product color\", \"object\": \"1-T-Shirt-Verde\"}}, {\"added\": {\"name\": \"product color\", \"object\": \"1-T-Shirt-Blu\"}}, {\"added\": {\"name\": \"product variant\", \"object\": \"1-T-Shirt-1-T-Shirt-Rosso-S\"}}, {\"added\": {\"name\": \"product variant\", \"object\": \"1-T-Shirt-1-T-Shirt-Rosso-M\"}}, {\"added\": {\"name\": \"product variant\", \"object\": \"1-T-Shirt-1-T-Shirt-Rosso-L\"}}, {\"added\": {\"name\": \"product variant\", \"object\": \"1-T-Shirt-1-T-Shirt-Verde-None\"}}, {\"added\": {\"name\": \"product variant\", \"object\": \"1-T-Shirt-1-T-Shirt-Verde-None\"}}, {\"added\": {\"name\": \"product variant\", \"object\": \"1-T-Shirt-1-T-Shirt-Verde-None\"}}, {\"added\": {\"name\": \"product variant\", \"object\": \"1-T-Shirt-1-T-Shirt-Blu-S\"}}, {\"added\": {\"name\": \"product variant\", \"object\": \"1-T-Shirt-1-T-Shirt-Blu-M\"}}, {\"added\": {\"name\": \"product variant\", \"object\": \"1-T-Shirt-1-T-Shirt-Blu-L\"}}, {\"added\": {\"name\": \"product image\", \"object\": \"1-T-Shirt-Rosso-products/09598151926-a1_nMjmtc2.webp\"}}, {\"added\": {\"name\": \"product image\", \"object\": \"1-T-Shirt-Verde-products/09598151832-a1_FDYbWlO.webp\"}}, {\"added\": {\"name\": \"product image\", \"object\": \"1-T-Shirt-Blu-products/09598151926-p_Z29jynR.webp\"}}]"}}, {"model": "admin.logentry", "pk": 10, "fields": {"action_time": "2024-10-04T19:17:13.645Z", "user": 1, "content_type": 12, "object_id": "1", "object_repr": "1-T-Shirt", "action_flag": 2, "change_message": "[{\"changed\": {\"name\": \"product image\", \"object\": \"1-T-Shirt-Rosso-products/09598151926-a1_nMjmtc2.webp\", \"fields\": [\"Image\"]}}, {\"changed\": {\"name\": \"product image\", \"object\": \"1-T-Shirt-Verde-products/09598151832-a1_FDYbWlO.webp\", \"fields\": [\"Image\"]}}, {\"changed\": {\"name\": \"product image\", \"object\": \"1-T-Shirt-Blu-products/09598151926-p_Z29jynR.webp\", \"fields\": [\"Image\"]}}]"}}, {"model": "admin.logentry", "pk": 11, "fields": {"action_time": "2024-10-04T19:18:44.093Z", "user": 1, "content_type": 12, "object_id": "1", "object_repr": "1-T-Shirt", "action_flag": 2, "change_message": "[{\"changed\": {\"name\": \"product variant\", \"object\": \"1-T-Shirt-1-T-Shirt-Verde-None\", \"fields\": [\"Size\"]}}, {\"changed\": {\"name\": \"product variant\", \"object\": \"1-T-Shirt-1-T-Shirt-Verde-None\", \"fields\": [\"Size\"]}}, {\"changed\": {\"name\": \"product variant\", \"object\": \"1-T-Shirt-1-T-Shirt-Verde-None\", \"fields\": [\"Size\"]}}]"}}, {"model": "admin.logentry", "pk": 12, "fields": {"action_time": "2024-10-04T19:20:46.237Z", "user": 1, "content_type": 12, "object_id": "1", "object_repr": "1-T-Shirt", "action_flag": 2, "change_message": "[{\"changed\": {\"name\": \"product variant\", \"object\": \"1-T-Shirt-1-T-Shirt-Verde-S\", \"fields\": [\"Stock\"]}}, {\"changed\": {\"name\": \"product variant\", \"object\": \"1-T-Shirt-1-T-Shirt-Verde-L\", \"fields\": [\"Stock\"]}}]"}}, {"model": "admin.logentry", "pk": 13, "fields": {"action_time": "2024-10-06T09:06:56.873Z", "user": 1, "content_type": 18, "object_id": "1", "object_repr": "Order object (1)", "action_flag": 1, "change_message": "[{\"added\": {}}, {\"added\": {\"name\": \"order product\", \"object\": \"OrderProduct object (1)\"}}, {\"added\": {\"name\": \"order product\", \"object\": \"OrderProduct object (2)\"}}]"}}, {"model": "admin.logentry", "pk": 14, "fields": {"action_time": "2024-10-06T09:54:49.159Z", "user": 1, "content_type": 18, "object_id": "2", "object_repr": "Order object (2)", "action_flag": 1, "change_message": "[{\"added\": {}}, {\"added\": {\"name\": \"order product\", \"object\": \"OrderProduct object (3)\"}}]"}}, {"model": "admin.logentry", "pk": 15, "fields": {"action_time": "2024-10-06T16:55:41.831Z", "user": 1, "content_type": 18, "object_id": "3", "object_repr": "Order object (3)", "action_flag": 1, "change_message": "[{\"added\": {}}, {\"added\": {\"name\": \"order product\", \"object\": \"OrderProduct object (4)\"}}]"}}, {"model": "admin.logentry", "pk": 16, "fields": {"action_time": "2024-10-09T17:49:27.306Z", "user": 1, "content_type": 12, "object_id": "1", "object_repr": "1-T-Shirt", "action_flag": 2, "change_message": "[{\"changed\": {\"name\": \"product variant\", \"object\": \"1-T-Shirt-Blu-S\", \"fields\": [\"Price\"]}}, {\"changed\": {\"name\": \"product variant\", \"object\": \"1-T-Shirt-Blu-M\", \"fields\": [\"Price\"]}}, {\"changed\": {\"name\": \"product variant\", \"object\": \"1-T-Shirt-Blu-L\", \"fields\": [\"Price\"]}}]"}}, {"model": "admin.logentry", "pk": 17, "fields": {"action_time": "2024-10-09T17:57:58.094Z", "user": 1, "content_type": 12, "object_id": "1", "object_repr": "1-T-Shirt", "action_flag": 2, "change_message": "[{\"changed\": {\"name\": \"product variant\", \"object\": \"1-T-Shirt-Rosso-S\", \"fields\": [\"Stock\"]}}]"}}, {"model": "admin.logentry", "pk": 18, "fields": {"action_time": "2024-10-09T18:03:03.908Z", "user": 1, "content_type": 10, "object_id": "4", "object_repr": "XL", "action_flag": 1, "change_message": "[{\"added\": {}}]"}}, {"model": "admin.logentry", "pk": 19, "fields": {"action_time": "2024-10-09T18:03:11.852Z", "user": 1, "content_type": 12, "object_id": "1", "object_repr": "1-T-Shirt", "action_flag": 2, "change_message": "[{\"added\": {\"name\": \"product variant\", \"object\": \"1-T-Shirt-Blu-XL\"}}]"}}, {"model": "admin.logentry", "pk": 20, "fields": {"action_time": "2024-10-10T04:59:44.935Z", "user": 1, "content_type": 7, "object_id": "2", "object_repr": "Adidas", "action_flag": 1, "change_message": "[{\"added\": {}}]"}}, {"model": "admin.logentry", "pk": 21, "fields": {"action_time": "2024-10-10T05:00:06.990Z", "user": 1, "content_type": 12, "object_id": "2", "object_repr": "2-Felpa", "action_flag": 1, "change_message": "[{\"added\": {}}]"}}, {"model": "admin.logentry", "pk": 22, "fields": {"action_time": "2024-10-15T16:35:24.524Z", "user": 1, "content_type": 12, "object_id": "1", "object_repr": "1-T-Shirt", "action_flag": 2, "change_message": "[{\"added\": {\"name\": \"product variant\", \"object\": \"1-T-Shirt-Verde-L\"}}, {\"added\": {\"name\": \"product variant\", \"object\": \"1-T-Shirt-Blu-XL\"}}]"}}, {"model": "admin.logentry", "pk": 23, "fields": {"action_time": "2024-10-16T06:06:51.642Z", "user": 1, "content_type": 7, "object_id": "3", "object_repr": "Levi's", "action_flag": 1, "change_message": "[{\"added\": {}}]"}}, {"model": "admin.logentry", "pk": 24, "fields": {"action_time": "2024-10-16T06:08:51.291Z", "user": 1, "content_type": 8, "object_id": "4", "object_repr": "Lightweight", "action_flag": 1, "change_message": "[{\"added\": {}}]"}}, {"model": "admin.logentry", "pk": 25, "fields": {"action_time": "2024-10-16T06:09:53.574Z", "user": 1, "content_type": 12, "object_id": "3", "object_repr": "3-Jeans", "action_flag": 1, "change_message": "[{\"added\": {}}, {\"added\": {\"name\": \"product color\", \"object\": \"3-Jeans-Blu\"}}, {\"added\": {\"name\": \"product color\", \"object\": \"3-Jeans-Lightweight\"}}, {\"added\": {\"name\": \"product variant\", \"object\": \"3-Jeans-Blu-M\"}}, {\"added\": {\"name\": \"product variant\", \"object\": \"3-Jeans-Lightweight-M\"}}, {\"added\": {\"name\": \"product image\", \"object\": \"3-Jeans-Blu-products/005010114-detail1-pdp-ld.jpg\"}}, {\"added\": {\"name\": \"product image\", \"object\": \"3-Jeans-Lightweight-products/005013524-alt1-pdp-ld.jpg\"}}]"}}, {"model": "admin.logentry", "pk": 26, "fields": {"action_time": "2024-10-16T06:16:48.548Z", "user": 1, "content_type": 12, "object_id": "3", "object_repr": "3-Jeans", "action_flag": 2, "change_message": "[{\"changed\": {\"name\": \"product variant\", \"object\": \"3-Jeans-Lightweight-M\", \"fields\": [\"Stock\"]}}]"}}, {"model": "admin.logentry", "pk": 27, "fields": {"action_time": "2024-10-16T06:27:18.915Z", "user": 1, "content_type": 11, "object_id": "2", "object_repr": "Donna", "action_flag": 1, "change_message": "[{\"added\": {}}]"}}, {"model": "admin.logentry", "pk": 28, "fields": {"action_time": "2024-10-16T06:27:40.684Z", "user": 1, "content_type": 11, "object_id": "3", "object_repr": "Bambino", "action_flag": 1, "change_message": "[{\"added\": {}}]"}}, {"model": "admin.logentry", "pk": 29, "fields": {"action_time": "2024-10-16T15:09:03.731Z", "user": 1, "content_type": 11, "object_id": "4", "object_repr": "Uomo-Giacche", "action_flag": 1, "change_message": "[{\"added\": {}}]"}}, {"model": "admin.logentry", "pk": 30, "fields": {"action_time": "2024-10-16T15:09:06.765Z", "user": 1, "content_type": 11, "object_id": "1", "object_repr": "Giacche-Uomo", "action_flag": 2, "change_message": "[{\"changed\": {\"fields\": [\"Parent category\"]}}]"}}, {"model": "admin.logentry", "pk": 31, "fields": {"action_time": "2024-10-16T15:09:11.233Z", "user": 1, "content_type": 11, "object_id": "3", "object_repr": "Bambini", "action_flag": 2, "change_message": "[{\"changed\": {\"fields\": [\"Name\"]}}]"}}, {"model": "admin.logentry", "pk": 32, "fields": {"action_time": "2024-10-16T15:10:53.745Z", "user": 1, "content_type": 11, "object_id": "1", "object_repr": "Uomo", "action_flag": 2, "change_message": "[{\"changed\": {\"fields\": [\"Parent category\"]}}]"}}, {"model": "admin.logentry", "pk": 33, "fields": {"action_time": "2024-10-16T15:12:44.451Z", "user": 1, "content_type": 11, "object_id": "1", "object_repr": "Uomo", "action_flag": 2, "change_message": "[]"}}, {"model": "admin.logentry", "pk": 34, "fields": {"action_time": "2024-10-16T15:12:56.555Z", "user": 1, "content_type": 11, "object_id": "5", "object_repr": "Uomo-Jeans", "action_flag": 1, "change_message": "[{\"added\": {}}]"}}, {"model": "admin.logentry", "pk": 35, "fields": {"action_time": "2024-10-16T15:16:01.909Z", "user": 1, "content_type": 11, "object_id": "6", "object_repr": "Jeans-Uomo-Bermuda", "action_flag": 1, "change_message": "[{\"added\": {}}]"}}, {"model": "admin.logentry", "pk": 36, "fields": {"action_time": "2024-10-16T19:53:11.837Z", "user": 1, "content_type": 12, "object_id": "2", "object_repr": "2-Felpa", "action_flag": 2, "change_message": "[{\"added\": {\"name\": \"product color\", \"object\": \"2-Felpa-Rosso\"}}]"}}, {"model": "admin.logentry", "pk": 37, "fields": {"action_time": "2024-10-16T21:11:10.711Z", "user": 1, "content_type": 12, "object_id": "3", "object_repr": "3-Jeans", "action_flag": 2, "change_message": "[{\"changed\": {\"fields\": [\"Categories\"]}}]"}}, {"model": "admin.logentry", "pk": 38, "fields": {"action_time": "2024-10-17T06:03:05.964Z", "user": 1, "content_type": 12, "object_id": "4", "object_repr": "4-Prodotto inattivo", "action_flag": 1, "change_message": "[{\"added\": {}}]"}}, {"model": "admin.logentry", "pk": 39, "fields": {"action_time": "2024-10-17T06:03:22.436Z", "user": 1, "content_type": 12, "object_id": "4", "object_repr": "4-Prodotto inattivo", "action_flag": 2, "change_message": "[{\"added\": {\"name\": \"product color\", \"object\": \"4-Prodotto inattivo-Verde\"}}, {\"added\": {\"name\": \"product variant\", \"object\": \"4-Prodotto inattivo-Verde-M\"}}]"}}, {"model": "admin.logentry", "pk": 40, "fields": {"action_time": "2024-10-17T06:05:41.135Z", "user": 1, "content_type": 12, "object_id": "4", "object_repr": "4-Prodotto inattivo", "action_flag": 2, "change_message": "[{\"changed\": {\"fields\": [\"Is active\"]}}]"}}, {"model": "admin.logentry", "pk": 41, "fields": {"action_time": "2024-10-17T06:25:43.845Z", "user": 1, "content_type": 12, "object_id": "1", "object_repr": "1-T-Shirt", "action_flag": 2, "change_message": "[{\"changed\": {\"fields\": [\"Is active\"]}}]"}}, {"model": "admin.logentry", "pk": 42, "fields": {"action_time": "2024-10-17T06:25:54.273Z", "user": 1, "content_type": 12, "object_id": "1", "object_repr": "1-T-Shirt", "action_flag": 2, "change_message": "[{\"changed\": {\"fields\": [\"Is active\"]}}]"}}, {"model": "admin.logentry", "pk": 43, "fields": {"action_time": "2024-10-18T11:47:29.995Z", "user": 1, "content_type": 10, "object_id": "5", "object_repr": "46", "action_flag": 1, "change_message": "[{\"added\": {}}]"}}, {"model": "admin.logentry", "pk": 44, "fields": {"action_time": "2024-10-18T22:06:18.269Z", "user": 1, "content_type": 11, "object_id": "7", "object_repr": "Uomo-ciao", "action_flag": 1, "change_message": "[{\"added\": {}}]"}}, {"model": "auth.permission", "pk": 1, "fields": {"name": "Can add log entry", "content_type": 1, "codename": "add_logentry"}}, {"model": "auth.permission", "pk": 2, "fields": {"name": "Can change log entry", "content_type": 1, "codename": "change_logentry"}}, {"model": "auth.permission", "pk": 3, "fields": {"name": "Can delete log entry", "content_type": 1, "codename": "delete_logentry"}}, {"model": "auth.permission", "pk": 4, "fields": {"name": "Can view log entry", "content_type": 1, "codename": "view_logentry"}}, {"model": "auth.permission", "pk": 5, "fields": {"name": "Can add permission", "content_type": 2, "codename": "add_permission"}}, {"model": "auth.permission", "pk": 6, "fields": {"name": "Can change permission", "content_type": 2, "codename": "change_permission"}}, {"model": "auth.permission", "pk": 7, "fields": {"name": "Can delete permission", "content_type": 2, "codename": "delete_permission"}}, {"model": "auth.permission", "pk": 8, "fields": {"name": "Can view permission", "content_type": 2, "codename": "view_permission"}}, {"model": "auth.permission", "pk": 9, "fields": {"name": "Can add group", "content_type": 3, "codename": "add_group"}}, {"model": "auth.permission", "pk": 10, "fields": {"name": "Can change group", "content_type": 3, "codename": "change_group"}}, {"model": "auth.permission", "pk": 11, "fields": {"name": "Can delete group", "content_type": 3, "codename": "delete_group"}}, {"model": "auth.permission", "pk": 12, "fields": {"name": "Can view group", "content_type": 3, "codename": "view_group"}}, {"model": "auth.permission", "pk": 13, "fields": {"name": "Can add content type", "content_type": 4, "codename": "add_contenttype"}}, {"model": "auth.permission", "pk": 14, "fields": {"name": "Can change content type", "content_type": 4, "codename": "change_contenttype"}}, {"model": "auth.permission", "pk": 15, "fields": {"name": "Can delete content type", "content_type": 4, "codename": "delete_contenttype"}}, {"model": "auth.permission", "pk": 16, "fields": {"name": "Can view content type", "content_type": 4, "codename": "view_contenttype"}}, {"model": "auth.permission", "pk": 17, "fields": {"name": "Can add session", "content_type": 5, "codename": "add_session"}}, {"model": "auth.permission", "pk": 18, "fields": {"name": "Can change session", "content_type": 5, "codename": "change_session"}}, {"model": "auth.permission", "pk": 19, "fields": {"name": "Can delete session", "content_type": 5, "codename": "delete_session"}}, {"model": "auth.permission", "pk": 20, "fields": {"name": "Can view session", "content_type": 5, "codename": "view_session"}}, {"model": "auth.permission", "pk": 21, "fields": {"name": "Can add user", "content_type": 6, "codename": "add_user"}}, {"model": "auth.permission", "pk": 22, "fields": {"name": "Can change user", "content_type": 6, "codename": "change_user"}}, {"model": "auth.permission", "pk": 23, "fields": {"name": "Can delete user", "content_type": 6, "codename": "delete_user"}}, {"model": "auth.permission", "pk": 24, "fields": {"name": "Can view user", "content_type": 6, "codename": "view_user"}}, {"model": "auth.permission", "pk": 25, "fields": {"name": "Can add brand", "content_type": 7, "codename": "add_brand"}}, {"model": "auth.permission", "pk": 26, "fields": {"name": "Can change brand", "content_type": 7, "codename": "change_brand"}}, {"model": "auth.permission", "pk": 27, "fields": {"name": "Can delete brand", "content_type": 7, "codename": "delete_brand"}}, {"model": "auth.permission", "pk": 28, "fields": {"name": "Can view brand", "content_type": 7, "codename": "view_brand"}}, {"model": "auth.permission", "pk": 29, "fields": {"name": "Can add color", "content_type": 8, "codename": "add_color"}}, {"model": "auth.permission", "pk": 30, "fields": {"name": "Can change color", "content_type": 8, "codename": "change_color"}}, {"model": "auth.permission", "pk": 31, "fields": {"name": "Can delete color", "content_type": 8, "codename": "delete_color"}}, {"model": "auth.permission", "pk": 32, "fields": {"name": "Can view color", "content_type": 8, "codename": "view_color"}}, {"model": "auth.permission", "pk": 33, "fields": {"name": "Can add discount", "content_type": 9, "codename": "add_discount"}}, {"model": "auth.permission", "pk": 34, "fields": {"name": "Can change discount", "content_type": 9, "codename": "change_discount"}}, {"model": "auth.permission", "pk": 35, "fields": {"name": "Can delete discount", "content_type": 9, "codename": "delete_discount"}}, {"model": "auth.permission", "pk": 36, "fields": {"name": "Can view discount", "content_type": 9, "codename": "view_discount"}}, {"model": "auth.permission", "pk": 37, "fields": {"name": "Can add size", "content_type": 10, "codename": "add_size"}}, {"model": "auth.permission", "pk": 38, "fields": {"name": "Can change size", "content_type": 10, "codename": "change_size"}}, {"model": "auth.permission", "pk": 39, "fields": {"name": "Can delete size", "content_type": 10, "codename": "delete_size"}}, {"model": "auth.permission", "pk": 40, "fields": {"name": "Can view size", "content_type": 10, "codename": "view_size"}}, {"model": "auth.permission", "pk": 41, "fields": {"name": "Can add category", "content_type": 11, "codename": "add_category"}}, {"model": "auth.permission", "pk": 42, "fields": {"name": "Can change category", "content_type": 11, "codename": "change_category"}}, {"model": "auth.permission", "pk": 43, "fields": {"name": "Can delete category", "content_type": 11, "codename": "delete_category"}}, {"model": "auth.permission", "pk": 44, "fields": {"name": "Can view category", "content_type": 11, "codename": "view_category"}}, {"model": "auth.permission", "pk": 45, "fields": {"name": "Can add product", "content_type": 12, "codename": "add_product"}}, {"model": "auth.permission", "pk": 46, "fields": {"name": "Can change product", "content_type": 12, "codename": "change_product"}}, {"model": "auth.permission", "pk": 47, "fields": {"name": "Can delete product", "content_type": 12, "codename": "delete_product"}}, {"model": "auth.permission", "pk": 48, "fields": {"name": "Can view product", "content_type": 12, "codename": "view_product"}}, {"model": "auth.permission", "pk": 49, "fields": {"name": "Can add product color", "content_type": 13, "codename": "add_productcolor"}}, {"model": "auth.permission", "pk": 50, "fields": {"name": "Can change product color", "content_type": 13, "codename": "change_productcolor"}}, {"model": "auth.permission", "pk": 51, "fields": {"name": "Can delete product color", "content_type": 13, "codename": "delete_productcolor"}}, {"model": "auth.permission", "pk": 52, "fields": {"name": "Can view product color", "content_type": 13, "codename": "view_productcolor"}}, {"model": "auth.permission", "pk": 53, "fields": {"name": "Can add product variant", "content_type": 14, "codename": "add_productvariant"}}, {"model": "auth.permission", "pk": 54, "fields": {"name": "Can change product variant", "content_type": 14, "codename": "change_productvariant"}}, {"model": "auth.permission", "pk": 55, "fields": {"name": "Can delete product variant", "content_type": 14, "codename": "delete_productvariant"}}, {"model": "auth.permission", "pk": 56, "fields": {"name": "Can view product variant", "content_type": 14, "codename": "view_productvariant"}}, {"model": "auth.permission", "pk": 57, "fields": {"name": "Can add cart item", "content_type": 15, "codename": "add_cartitem"}}, {"model": "auth.permission", "pk": 58, "fields": {"name": "Can change cart item", "content_type": 15, "codename": "change_cartitem"}}, {"model": "auth.permission", "pk": 59, "fields": {"name": "Can delete cart item", "content_type": 15, "codename": "delete_cartitem"}}, {"model": "auth.permission", "pk": 60, "fields": {"name": "Can view cart item", "content_type": 15, "codename": "view_cartitem"}}, {"model": "auth.permission", "pk": 61, "fields": {"name": "Can add product image", "content_type": 16, "codename": "add_productimage"}}, {"model": "auth.permission", "pk": 62, "fields": {"name": "Can change product image", "content_type": 16, "codename": "change_productimage"}}, {"model": "auth.permission", "pk": 63, "fields": {"name": "Can delete product image", "content_type": 16, "codename": "delete_productimage"}}, {"model": "auth.permission", "pk": 64, "fields": {"name": "Can view product image", "content_type": 16, "codename": "view_productimage"}}, {"model": "auth.permission", "pk": 65, "fields": {"name": "Can add review", "content_type": 17, "codename": "add_review"}}, {"model": "auth.permission", "pk": 66, "fields": {"name": "Can change review", "content_type": 17, "codename": "change_review"}}, {"model": "auth.permission", "pk": 67, "fields": {"name": "Can delete review", "content_type": 17, "codename": "delete_review"}}, {"model": "auth.permission", "pk": 68, "fields": {"name": "Can view review", "content_type": 17, "codename": "view_review"}}, {"model": "auth.permission", "pk": 69, "fields": {"name": "Can add order", "content_type": 18, "codename": "add_order"}}, {"model": "auth.permission", "pk": 70, "fields": {"name": "Can change order", "content_type": 18, "codename": "change_order"}}, {"model": "auth.permission", "pk": 71, "fields": {"name": "Can delete order", "content_type": 18, "codename": "delete_order"}}, {"model": "auth.permission", "pk": 72, "fields": {"name": "Can view order", "content_type": 18, "codename": "view_order"}}, {"model": "auth.permission", "pk": 73, "fields": {"name": "Can add order product", "content_type": 19, "codename": "add_orderproduct"}}, {"model": "auth.permission", "pk": 74, "fields": {"name": "Can change order product", "content_type": 19, "codename": "change_orderproduct"}}, {"model": "auth.permission", "pk": 75, "fields": {"name": "Can delete order product", "content_type": 19, "codename": "delete_orderproduct"}}, {"model": "auth.permission", "pk": 76, "fields": {"name": "Can view order product", "content_type": 19, "codename": "view_orderproduct"}}, {"model": "auth.permission", "pk": 77, "fields": {"name": "Can add cart item", "content_type": 20, "codename": "add_cartitem"}}, {"model": "auth.permission", "pk": 78, "fields": {"name": "Can change cart item", "content_type": 20, "codename": "change_cartitem"}}, {"model": "auth.permission", "pk": 79, "fields": {"name": "Can delete cart item", "content_type": 20, "codename": "delete_cartitem"}}, {"model": "auth.permission", "pk": 80, "fields": {"name": "Can view cart item", "content_type": 20, "codename": "view_cartitem"}}, {"model": "contenttypes.contenttype", "pk": 1, "fields": {"app_label": "admin", "model": "logentry"}}, {"model": "contenttypes.contenttype", "pk": 2, "fields": {"app_label": "auth", "model": "permission"}}, {"model": "contenttypes.contenttype", "pk": 3, "fields": {"app_label": "auth", "model": "group"}}, {"model": "contenttypes.contenttype", "pk": 4, "fields": {"app_label": "contenttypes", "model": "contenttype"}}, {"model": "contenttypes.contenttype", "pk": 5, "fields": {"app_label": "sessions", "model": "session"}}, {"model": "contenttypes.contenttype", "pk": 6, "fields": {"app_label": "accounts", "model": "user"}}, {"model": "contenttypes.contenttype", "pk": 7, "fields": {"app_label": "products", "model": "brand"}}, {"model": "contenttypes.contenttype", "pk": 8, "fields": {"app_label": "products", "model": "color"}}, {"model": "contenttypes.contenttype", "pk": 9, "fields": {"app_label": "products", "model": "discount"}}, {"model": "contenttypes.contenttype", "pk": 10, "fields": {"app_label": "products", "model": "size"}}, {"model": "contenttypes.contenttype", "pk": 11, "fields": {"app_label": "products", "model": "category"}}, {"model": "contenttypes.contenttype", "pk": 12, "fields": {"app_label": "products", "model": "product"}}, {"model": "contenttypes.contenttype", "pk": 13, "fields": {"app_label": "products", "model": "productcolor"}}, {"model": "contenttypes.contenttype", "pk": 14, "fields": {"app_label": "products", "model": "productvariant"}}, {"model": "contenttypes.contenttype", "pk": 15, "fields": {"app_label": "products", "model": "cartitem"}}, {"model": "contenttypes.contenttype", "pk": 16, "fields": {"app_label": "products", "model": "productimage"}}, {"model": "contenttypes.contenttype", "pk": 17, "fields": {"app_label": "products", "model": "review"}}, {"model": "contenttypes.contenttype", "pk": 18, "fields": {"app_label": "orders", "model": "order"}}, {"model": "contenttypes.contenttype", "pk": 19, "fields": {"app_label": "orders", "model": "orderproduct"}}, {"model": "contenttypes.contenttype", "pk": 20, "fields": {"app_label": "cart", "model": "cartitem"}}, {"model": "sessions.session", "pk": "0sq3alus4ggrxp6os3uq7mqdrjnp0ldm", "fields": {"session_data": "eyJjYXJ0Ijp7IjgiOjMsIjEwIjoyLCI3Ijo1fX0:1szZdZ:tlywt-UyeZ4cnOnGkCzmapN2LIv-Wli7NLoiTWGXFyE", "expire_date": "2024-10-26T10:46:17.926Z"}}, {"model": "sessions.session", "pk": "7mkadq6gurns1ofn4djkc59vqu57xsqp", "fields": {"session_data": ".eJxVjEEOgyAQRe8y64ZIGaC67N4zkGEGim2jiejKePfWxI3b_977GzDNC3TbfoNA61LCWtMcBoEONFy2SPxJ4wHkTeNrUjyNyzxEdSjqpFX1k6Tv83QvB4Vq-dds0ZFzmbTJ2Ir1NrH4GE3DzumIqdGNQcdGMlrNWbcx0R299yL-gS3sPy7kOyI:1t1JaC:9MtnL1W9fAXvOXD2J6qjcGnFUDgLuetWc2CeqkCH1to", "expire_date": "2024-10-31T06:02:00.018Z"}}, {"model": "sessions.session", "pk": "ajs0jyl64hbvtsz0pqvzbdmkzdw4qy9s", "fields": {"session_data": ".eJxVjDsOwjAQBe_iGlm7If5R0ucM1tq7wQHkSHFSIe4OkVJA-2bmvVSkbS1xa7LEidVFoTr9bonyQ-oO-E71Nus813WZkt4VfdCmh5nleT3cv4NCrXxrksDAHgUMGSZAO0IfBJOELNj1znuywEbkLA46DikkR5iYrHOGRvX-APgWOI0:1sxOiT:oq93HBKh-YCXFbeSGIldGPWXh7bF94xZWE4aPPycZq0", "expire_date": "2024-10-20T10:42:21.751Z"}}, {"model": "sessions.session", "pk": "ft5pvtnj841mauippoh37qzr0smyxigs", "fields": {"session_data": ".eJxVjDEOAiEQRe9CbQjIAGJp7xnIMAOyaiBZdivj3XWTLbT9773_EhHXpcZ15DlOLM5Ci8PvlpAeuW2A79huXVJvyzwluSlyp0NeO-fnZXf_DiqO-q3JgkPnCmpTILD1NhP7lIwi53SCrLQy4MhwAaup6JAyHsF7z-xPEMT7A-eRN9Y:1swl0p:xQVpGaowwlQAxyYNg9IOaGcGwe10iNXIgPhLwu5bCPU", "expire_date": "2024-10-18T16:18:39.575Z"}}, {"model": "sessions.session", "pk": "z2tww567r34c0viewztx4icz1bd1ymnq", "fields": {"session_data": ".eJxVjDEOAiEQRe9CbQjIAGJp7xnIMAOyaiBZdivj3XWTLbT9773_EhHXpcZ15DlOLM5Ci8PvlpAeuW2A79huXVJvyzwluSlyp0NeO-fnZXf_DiqO-q3JgkPnCmpTILD1NhP7lIwi53SCrLQy4MhwAaup6JAyHsF7z-xPEMT7A-eRN9Y:1t1PEr:qv7NDTax6xKDuksxW_S2FnTikfdb7jzPQNBWsQ9TmmA", "expire_date": "2024-10-31T12:04:21.920Z"}}, {"model": "accounts.user", "pk": 1, "fields": {"password": "pbkdf2_sha256$870000$rwbJ46Kw1n6piuQ5enK64V$9H7No6hrZhrHqUou59q357aVYYBF7tOm5I/eGrTKZyM=", "last_login": "2024-10-06T10:42:21.748Z", "is_superuser": true, "first_name": "Alessio", "last_name": "Pelusi", "is_staff": true, "is_active": true, "date_joined": "2024-10-04T16:18:34.016Z", "email": "root@root.it", "groups": [], "user_permissions": []}}, {"model": "products.category", "pk": 1, "fields": {"parent": null, "name": "Uomo", "image": "categories/T-Shirt-Uomo_5710VVn.jpg", "position": 0}}, {"model": "products.category", "pk": 2, "fields": {"parent": null, "name": "Donna", "image": "categories/donna_vLAkL6o.webp", "position": 0}}, {"model": "products.category", "pk": 3, "fields": {"parent": null, "name": "Bambini", "image": "categories/bambini_AG2547r.webp", "position": 0}}, {"model": "products.category", "pk": 4, "fields": {"parent": 1, "name": "Giacche", "image": "", "position": 0}}, {"model": "products.category", "pk": 5, "fields": {"parent": 1, "name": "Jeans", "image": "", "position": 0}}, {"model": "products.category", "pk": 6, "fields": {"parent": 5, "name": "Bermuda", "image": "", "position": 0}}, {"model": "products.brand", "pk": 1, "fields": {"name": "Zara", "image": ""}}, {"model": "products.brand", "pk": 2, "fields": {"name": "Adidas", "image": ""}}, {"model": "products.brand", "pk": 3, "fields": {"name": "Levi's", "image": ""}}, {"model": "products.product", "pk": 1, "fields": {"name": "T-Shirt", "description": "T-Shirt in cotone puro", "price": 15.0, "is_active": true, "date_created": "2024-10-04T16:22:56.062Z", "last_modification": "2024-10-15T16:35:24.357Z", "discount": null, "brand": 1, "categories": [1]}}, {"model": "products.product", "pk": 2, "fields": {"name": "Felpa", "description": "Felpa di puro cotone", "price": 12.0, "is_active": true, "date_created": "2024-10-10T05:00:06.987Z", "last_modification": "2024-10-16T19:53:11.833Z", "discount": null, "brand": 2, "categories": [1]}}, {"model": "products.product", "pk": 3, "fields": {"name": "Jeans", "description": "Jeans Levi's", "price": 120.0, "is_active": true, "date_created": "2024-10-16T06:09:53.551Z", "last_modification": "2024-10-16T21:11:10.575Z", "discount": null, "brand": 3, "categories": [5]}}, {"model": "products.product", "pk": 4, "fields": {"name": "Prodotto inattivo", "description": "Prodotto inattivo", "price": 15.0, "is_active": false, "date_created": "2024-10-17T06:03:05.953Z", "last_modification": "2024-10-17T06:05:41.121Z", "discount": null, "brand": 2, "categories": [2]}}, {"model": "products.color", "pk": 1, "fields": {"name": "Rosso", "hex": "FF0000"}}, {"model": "products.color", "pk": 2, "fields": {"name": "Verde", "hex": "00FF00"}}, {"model": "products.color", "pk": 3, "fields": {"name": "Blu", "hex": "0000FF"}}, {"model": "products.color", "pk": 4, "fields": {"name": "Lightweight", "hex": "AFBECB"}}, {"model": "products.size", "pk": 1, "fields": {"name": "S", "position": 0}}, {"model": "products.size", "pk": 2, "fields": {"name": "M", "position": 1}}, {"model": "products.size", "pk": 3, "fields": {"name": "L", "position": 2}}, {"model": "products.size", "pk": 4, "fields": {"name": "XL", "position": 3}}, {"model": "products.size", "pk": 5, "fields": {"name": "46", "position": 4}}, {"model": "products.productcolor", "pk": 1, "fields": {"product": 1, "color": 1}}, {"model": "products.productcolor", "pk": 2, "fields": {"product": 1, "color": 2}}, {"model": "products.productcolor", "pk": 3, "fields": {"product": 1, "color": 3}}, {"model": "products.productcolor", "pk": 4, "fields": {"product": 3, "color": 3}}, {"model": "products.productcolor", "pk": 5, "fields": {"product": 3, "color": 4}}, {"model": "products.productcolor", "pk": 6, "fields": {"product": 2, "color": 1}}, {"model": "products.productcolor", "pk": 7, "fields": {"product": 4, "color": 2}}, {"model": "products.productimage", "pk": 1, "fields": {"product_color": 1, "image": "products/09598151926-p_ZMOpe17.webp"}}, {"model": "products.productimage", "pk": 2, "fields": {"product_color": 2, "image": "products/09598151926-a1_hSqUgPh.webp"}}, {"model": "products.productimage", "pk": 3, "fields": {"product_color": 3, "image": "products/09598151832-p_l3iodXf.webp"}}, {"model": "products.productimage", "pk": 4, "fields": {"product_color": 4, "image": "products/005010114-detail1-pdp-ld.jpg"}}, {"model": "products.productimage", "pk": 5, "fields": {"product_color": 5, "image": "products/005013524-alt1-pdp-ld.jpg"}}, {"model": "products.productvariant", "pk": 1, "fields": {"product_color": 1, "size": 1, "price": 0.0, "stock": 0}}, {"model": "products.productvariant", "pk": 2, "fields": {"product_color": 1, "size": 2, "price": 0.0, "stock": 0}}, {"model": "products.productvariant", "pk": 3, "fields": {"product_color": 1, "size": 3, "price": 0.0, "stock": 0}}, {"model": "products.productvariant", "pk": 4, "fields": {"product_color": 2, "size": 1, "price": 0.0, "stock": 3}}, {"model": "products.productvariant", "pk": 5, "fields": {"product_color": 2, "size": 2, "price": 0.0, "stock": 0}}, {"model": "products.productvariant", "pk": 7, "fields": {"product_color": 3, "size": 1, "price": 16.0, "stock": 5}}, {"model": "products.productvariant", "pk": 9, "fields": {"product_color": 3, "size": 3, "price": 18.0, "stock": 0}}, {"model": "products.productvariant", "pk": 11, "fields": {"product_color": 2, "size": 3, "price": 0.0, "stock": 12}}, {"model": "products.productvariant", "pk": 12, "fields": {"product_color": 3, "size": 4, "price": 0.0, "stock": 5}}, {"model": "products.productvariant", "pk": 13, "fields": {"product_color": 4, "size": 2, "price": 0.0, "stock": 3}}, {"model": "products.productvariant", "pk": 14, "fields": {"product_color": 5, "size": 2, "price": 0.0, "stock": 0}}, {"model": "products.productvariant", "pk": 15, "fields": {"product_color": 7, "size": 2, "price": 0.0, "stock": 5}}, {"model": "orders.order", "pk": 1, "fields": {"user": 1, "date_created": "2024-10-06T09:06:56.863Z"}}, {"model": "orders.order", "pk": 2, "fields": {"user": 1, "date_created": "2024-10-06T09:54:49.150Z"}}, {"model": "orders.order", "pk": 3, "fields": {"user": 1, "date_created": "2024-10-06T16:55:41.826Z"}}, {"model": "orders.orderproduct", "pk": 1, "fields": {"order": 1, "product_variant": 1, "quantity": 3, "price": 0.0}}, {"model": "orders.orderproduct", "pk": 2, "fields": {"order": 1, "product_variant": null, "quantity": 1, "price": 0.0}}, {"model": "orders.orderproduct", "pk": 3, "fields": {"order": 2, "product_variant": 1, "quantity": 5, "price": 0.0}}, {"model": "orders.orderproduct", "pk": 4, "fields": {"order": 3, "product_variant": null, "quantity": 1, "price": 15.0}}, {"model": "cart.cartitem", "pk": 8, "fields": {"product_variant": 7, "customer": 1, "quantity": 4, "is_active": true}}, {"model": "cart.cartitem", "pk": 10, "fields": {"product_variant": 4, "customer": 1, "quantity": 1, "is_active": true}}]