[
{
    "model": "sessions.session",
    "pk": "0sq3alus4ggrxp6os3uq7mqdrjnp0ldm",
    "fields": {
        "session_data": "eyJjYXJ0Ijp7IjgiOjMsIjEwIjoyLCI3Ijo1fX0:1szZdZ:tlywt-UyeZ4cnOnGkCzmapN2LIv-Wli7NLoiTWGXFyE",
        "expire_date": "2024-10-26T10:46:17.926Z"
    }
},
{
    "model": "sessions.session",
    "pk": "16dvzchodsk9iubaywb2c9eegj9lzxet",
    "fields": {
        "session_data": ".eJxVjEEOgyAQRe8y64ZIGaC67N4zkGEGim2jiejKePfWxI3b_977GzDNC3TbfoNA61LCWtMcBoEONFy2SPxJ4wHkTeNrUjyNyzxEdSjqpFX1k6Tv83QvB4Vq-dds0ZFzmbTJ2Ir1NrH4GE3DzumIqdGNQcdGMlrNWbcx0R299yL-gS3sPy7kOyI:1tD1j6:__eulO2xtf5DsHxwlzhWPMnk2uXNMwGp9brN8UV017c",
        "expire_date": "2024-12-02T13:23:36.313Z"
    }
},
{
    "model": "sessions.session",
    "pk": "7mkadq6gurns1ofn4djkc59vqu57xsqp",
    "fields": {
        "session_data": ".eJxVjEEOgyAQRe8y64ZIGaC67N4zkGEGim2jiejKePfWxI3b_977GzDNC3TbfoNA61LCWtMcBoEONFy2SPxJ4wHkTeNrUjyNyzxEdSjqpFX1k6Tv83QvB4Vq-dds0ZFzmbTJ2Ir1NrH4GE3DzumIqdGNQcdGMlrNWbcx0R299yL-gS3sPy7kOyI:1t1JaC:9MtnL1W9fAXvOXD2J6qjcGnFUDgLuetWc2CeqkCH1to",
        "expire_date": "2024-10-31T06:02:00.018Z"
    }
},
{
    "model": "sessions.session",
    "pk": "ajs0jyl64hbvtsz0pqvzbdmkzdw4qy9s",
    "fields": {
        "session_data": ".eJxVjDsOwjAQBe_iGlm7If5R0ucM1tq7wQHkSHFSIe4OkVJA-2bmvVSkbS1xa7LEidVFoTr9bonyQ-oO-E71Nus813WZkt4VfdCmh5nleT3cv4NCrXxrksDAHgUMGSZAO0IfBJOELNj1znuywEbkLA46DikkR5iYrHOGRvX-APgWOI0:1sxOiT:oq93HBKh-YCXFbeSGIldGPWXh7bF94xZWE4aPPycZq0",
        "expire_date": "2024-10-20T10:42:21.751Z"
    }
},
{
    "model": "sessions.session",
    "pk": "ft5pvtnj841mauippoh37qzr0smyxigs",
    "fields": {
        "session_data": ".eJxVjDEOAiEQRe9CbQjIAGJp7xnIMAOyaiBZdivj3XWTLbT9773_EhHXpcZ15DlOLM5Ci8PvlpAeuW2A79huXVJvyzwluSlyp0NeO-fnZXf_DiqO-q3JgkPnCmpTILD1NhP7lIwi53SCrLQy4MhwAaup6JAyHsF7z-xPEMT7A-eRN9Y:1swl0p:xQVpGaowwlQAxyYNg9IOaGcGwe10iNXIgPhLwu5bCPU",
        "expire_date": "2024-10-18T16:18:39.575Z"
    }
},
{
    "model": "sessions.session",
    "pk": "w230e9h3htcnq0vfg76vmolh13vgr0ro",
    "fields": {
        "session_data": ".eJxVjEEOgyAQRe8y64ZIGaC67N4zkGEGim2jiejKePfWxI3b_977GzDNC3TbfoNA61LCWtMcBoEONFy2SPxJ4wHkTeNrUjyNyzxEdSjqpFX1k6Tv83QvB4Vq-dds0ZFzmbTJ2Ir1NrH4GE3DzumIqdGNQcdGMlrNWbcx0R299yL-gS3sPy7kOyI:1t2Aug:XXxUwbTeRVRPvHYWP2-w-8tSmvci2xW7Ev35d_t1u48",
        "expire_date": "2024-11-02T14:58:42.747Z"
    }
},
{
    "model": "accounts.user",
    "fields": {
        "password": "pbkdf2_sha256$870000$rwbJ46Kw1n6piuQ5enK64V$9H7No6hrZhrHqUou59q357aVYYBF7tOm5I/eGrTKZyM=",
        "last_login": "2024-11-18T07:50:11.279Z",
        "is_superuser": true,
        "first_name": "Alessio",
        "last_name": "Pelusi",
        "is_staff": true,
        "is_active": true,
        "date_joined": "2024-10-04T16:18:34.016Z",
        "email": "root@root.it",
        "groups": [],
        "user_permissions": []
    }
},
{
    "model": "products.category",
    "pk": 1,
    "fields": {
        "parent": null,
        "name": "Uomo",
        "image": "categories/T-Shirt-Uomo_5710VVn.jpg",
        "position": 0
    }
},
{
    "model": "products.category",
    "pk": 2,
    "fields": {
        "parent": null,
        "name": "Donna",
        "image": "categories/donna_vLAkL6o.webp",
        "position": 0
    }
},
{
    "model": "products.category",
    "pk": 3,
    "fields": {
        "parent": null,
        "name": "Bambini",
        "image": "categories/bambini_AG2547r.webp",
        "position": 0
    }
},
{
    "model": "products.category",
    "pk": 4,
    "fields": {
        "parent": 1,
        "name": "Giacche",
        "image": "",
        "position": 0
    }
},
{
    "model": "products.category",
    "pk": 5,
    "fields": {
        "parent": 1,
        "name": "Jeans",
        "image": "",
        "position": 0
    }
},
{
    "model": "products.category",
    "pk": 6,
    "fields": {
        "parent": 5,
        "name": "Bermuda",
        "image": "",
        "position": 0
    }
},
{
    "model": "products.brand",
    "pk": 1,
    "fields": {
        "name": "Zara",
        "image": ""
    }
},
{
    "model": "products.brand",
    "pk": 2,
    "fields": {
        "name": "Adidas",
        "image": ""
    }
},
{
    "model": "products.brand",
    "pk": 3,
    "fields": {
        "name": "Levi's",
        "image": ""
    }
},
{
    "model": "products.product",
    "pk": 1,
    "fields": {
        "name": "T-Shirt",
        "description": "T-Shirt in cotone puro",
        "price": "15.00",
        "is_active": true,
        "date_created": "2024-10-04T16:22:56.062Z",
        "last_modification": "2024-11-18T08:41:52.726Z",
        "discount": null,
        "brand": 1,
        "categories": [
            1
        ]
    }
},
{
    "model": "products.product",
    "pk": 2,
    "fields": {
        "name": "Felpa",
        "description": "Felpa di puro cotone",
        "price": "12.00",
        "is_active": true,
        "date_created": "2024-10-10T05:00:06.987Z",
        "last_modification": "2024-10-16T19:53:11.833Z",
        "discount": null,
        "brand": 2,
        "categories": [
            1
        ]
    }
},
{
    "model": "products.product",
    "pk": 3,
    "fields": {
        "name": "Jeans",
        "description": "Jeans Levi's",
        "price": "120.00",
        "is_active": true,
        "date_created": "2024-10-16T06:09:53.551Z",
        "last_modification": "2024-11-18T13:23:07.004Z",
        "discount": null,
        "brand": 3,
        "categories": [
            5
        ]
    }
},
{
    "model": "products.product",
    "pk": 4,
    "fields": {
        "name": "Prodotto inattivo",
        "description": "Prodotto inattivo",
        "price": "15.00",
        "is_active": false,
        "date_created": "2024-10-17T06:03:05.953Z",
        "last_modification": "2024-10-17T06:05:41.121Z",
        "discount": null,
        "brand": 2,
        "categories": [
            2
        ]
    }
},
{
    "model": "products.color",
    "pk": 1,
    "fields": {
        "name": "Rosso",
        "hex": "FF0000"
    }
},
{
    "model": "products.color",
    "pk": 2,
    "fields": {
        "name": "Verde",
        "hex": "00FF00"
    }
},
{
    "model": "products.color",
    "pk": 3,
    "fields": {
        "name": "Blu",
        "hex": "0000FF"
    }
},
{
    "model": "products.color",
    "pk": 4,
    "fields": {
        "name": "Lightweight",
        "hex": "AFBECB"
    }
},
{
    "model": "products.size",
    "pk": 1,
    "fields": {
        "name": "S",
        "position": 0
    }
},
{
    "model": "products.size",
    "pk": 2,
    "fields": {
        "name": "M",
        "position": 1
    }
},
{
    "model": "products.size",
    "pk": 3,
    "fields": {
        "name": "L",
        "position": 2
    }
},
{
    "model": "products.size",
    "pk": 4,
    "fields": {
        "name": "XL",
        "position": 3
    }
},
{
    "model": "products.size",
    "pk": 5,
    "fields": {
        "name": "46",
        "position": 4
    }
},
{
    "model": "products.productcolor",
    "pk": 1,
    "fields": {
        "product": 1,
        "color": 1
    }
},
{
    "model": "products.productcolor",
    "pk": 2,
    "fields": {
        "product": 1,
        "color": 2
    }
},
{
    "model": "products.productcolor",
    "pk": 3,
    "fields": {
        "product": 1,
        "color": 3
    }
},
{
    "model": "products.productcolor",
    "pk": 4,
    "fields": {
        "product": 3,
        "color": 3
    }
},
{
    "model": "products.productcolor",
    "pk": 5,
    "fields": {
        "product": 3,
        "color": 4
    }
},
{
    "model": "products.productcolor",
    "pk": 6,
    "fields": {
        "product": 2,
        "color": 1
    }
},
{
    "model": "products.productcolor",
    "pk": 7,
    "fields": {
        "product": 4,
        "color": 2
    }
},
{
    "model": "products.productimage",
    "pk": 1,
    "fields": {
        "product_color": 1,
        "image": "products/09598151926-p_ZMOpe17.webp"
    }
},
{
    "model": "products.productimage",
    "pk": 2,
    "fields": {
        "product_color": 2,
        "image": "products/09598151926-a1_hSqUgPh.webp"
    }
},
{
    "model": "products.productimage",
    "pk": 3,
    "fields": {
        "product_color": 3,
        "image": "products/09598151832-p_l3iodXf.webp"
    }
},
{
    "model": "products.productimage",
    "pk": 4,
    "fields": {
        "product_color": 4,
        "image": "products/005010114-detail1-pdp-ld.jpg"
    }
},
{
    "model": "products.productimage",
    "pk": 5,
    "fields": {
        "product_color": 5,
        "image": "products/005013524-alt1-pdp-ld.jpg"
    }
},
{
    "model": "products.productvariant",
    "pk": 1,
    "fields": {
        "product_color": 1,
        "size": 1,
        "price": "0.00",
        "stock": 0
    }
},
{
    "model": "products.productvariant",
    "pk": 2,
    "fields": {
        "product_color": 1,
        "size": 2,
        "price": "0.00",
        "stock": 0
    }
},
{
    "model": "products.productvariant",
    "pk": 3,
    "fields": {
        "product_color": 1,
        "size": 3,
        "price": "0.00",
        "stock": 0
    }
},
{
    "model": "products.productvariant",
    "pk": 4,
    "fields": {
        "product_color": 2,
        "size": 1,
        "price": "0.00",
        "stock": 3
    }
},
{
    "model": "products.productvariant",
    "pk": 5,
    "fields": {
        "product_color": 2,
        "size": 2,
        "price": "0.00",
        "stock": 0
    }
},
{
    "model": "products.productvariant",
    "pk": 7,
    "fields": {
        "product_color": 3,
        "size": 1,
        "price": "16.00",
        "stock": 5
    }
},
{
    "model": "products.productvariant",
    "pk": 9,
    "fields": {
        "product_color": 3,
        "size": 3,
        "price": "18.00",
        "stock": 0
    }
},
{
    "model": "products.productvariant",
    "pk": 11,
    "fields": {
        "product_color": 2,
        "size": 3,
        "price": "0.00",
        "stock": 0
    }
},
{
    "model": "products.productvariant",
    "pk": 12,
    "fields": {
        "product_color": 3,
        "size": 4,
        "price": "0.00",
        "stock": 5
    }
},
{
    "model": "products.productvariant",
    "pk": 13,
    "fields": {
        "product_color": 4,
        "size": 2,
        "price": "0.00",
        "stock": 0
    }
},
{
    "model": "products.productvariant",
    "pk": 14,
    "fields": {
        "product_color": 5,
        "size": 2,
        "price": "0.00",
        "stock": 0
    }
},
{
    "model": "products.productvariant",
    "pk": 15,
    "fields": {
        "product_color": 7,
        "size": 2,
        "price": "0.00",
        "stock": 5
    }
},
{
    "model": "orders.province",
    "pk": 1,
    "fields": {
        "acronym": "AG",
        "name": "Agrigento"
    }
},
{
    "model": "orders.province",
    "pk": 2,
    "fields": {
        "acronym": "AL",
        "name": "Alessandria"
    }
},
{
    "model": "orders.province",
    "pk": 3,
    "fields": {
        "acronym": "AN",
        "name": "Ancona"
    }
},
{
    "model": "orders.province",
    "pk": 4,
    "fields": {
        "acronym": "AO",
        "name": "Valle d'Aosta/Vallée d'Aoste"
    }
},
{
    "model": "orders.province",
    "pk": 5,
    "fields": {
        "acronym": "AP",
        "name": "Ascoli Piceno"
    }
},
{
    "model": "orders.province",
    "pk": 6,
    "fields": {
        "acronym": "AQ",
        "name": "L'Aquila"
    }
},
{
    "model": "orders.province",
    "pk": 7,
    "fields": {
        "acronym": "AR",
        "name": "Arezzo"
    }
},
{
    "model": "orders.province",
    "pk": 8,
    "fields": {
        "acronym": "AT",
        "name": "Asti"
    }
},
{
    "model": "orders.province",
    "pk": 9,
    "fields": {
        "acronym": "AV",
        "name": "Avellino"
    }
},
{
    "model": "orders.province",
    "pk": 10,
    "fields": {
        "acronym": "BA",
        "name": "Bari"
    }
},
{
    "model": "orders.province",
    "pk": 11,
    "fields": {
        "acronym": "BG",
        "name": "Bergamo"
    }
},
{
    "model": "orders.province",
    "pk": 12,
    "fields": {
        "acronym": "BI",
        "name": "Biella"
    }
},
{
    "model": "orders.province",
    "pk": 13,
    "fields": {
        "acronym": "BL",
        "name": "Belluno"
    }
},
{
    "model": "orders.province",
    "pk": 14,
    "fields": {
        "acronym": "BN",
        "name": "Benevento"
    }
},
{
    "model": "orders.province",
    "pk": 15,
    "fields": {
        "acronym": "BO",
        "name": "Bologna"
    }
},
{
    "model": "orders.province",
    "pk": 16,
    "fields": {
        "acronym": "BR",
        "name": "Brindisi"
    }
},
{
    "model": "orders.province",
    "pk": 17,
    "fields": {
        "acronym": "BS",
        "name": "Brescia"
    }
},
{
    "model": "orders.province",
    "pk": 18,
    "fields": {
        "acronym": "BT",
        "name": "Barletta-Andria-Trani"
    }
},
{
    "model": "orders.province",
    "pk": 19,
    "fields": {
        "acronym": "BZ",
        "name": "Bolzano/Bozen"
    }
},
{
    "model": "orders.province",
    "pk": 20,
    "fields": {
        "acronym": "CA",
        "name": "Cagliari"
    }
},
{
    "model": "orders.province",
    "pk": 21,
    "fields": {
        "acronym": "CB",
        "name": "Campobasso"
    }
},
{
    "model": "orders.province",
    "pk": 22,
    "fields": {
        "acronym": "CE",
        "name": "Caserta"
    }
},
{
    "model": "orders.province",
    "pk": 23,
    "fields": {
        "acronym": "CH",
        "name": "Chieti"
    }
},
{
    "model": "orders.province",
    "pk": 24,
    "fields": {
        "acronym": "CL",
        "name": "Caltanissetta"
    }
},
{
    "model": "orders.province",
    "pk": 25,
    "fields": {
        "acronym": "CN",
        "name": "Cuneo"
    }
},
{
    "model": "orders.province",
    "pk": 26,
    "fields": {
        "acronym": "CO",
        "name": "Como"
    }
},
{
    "model": "orders.province",
    "pk": 27,
    "fields": {
        "acronym": "CR",
        "name": "Cremona"
    }
},
{
    "model": "orders.province",
    "pk": 28,
    "fields": {
        "acronym": "CS",
        "name": "Cosenza"
    }
},
{
    "model": "orders.province",
    "pk": 29,
    "fields": {
        "acronym": "CT",
        "name": "Catania"
    }
},
{
    "model": "orders.province",
    "pk": 30,
    "fields": {
        "acronym": "CZ",
        "name": "Catanzaro"
    }
},
{
    "model": "orders.province",
    "pk": 31,
    "fields": {
        "acronym": "EN",
        "name": "Enna"
    }
},
{
    "model": "orders.province",
    "pk": 32,
    "fields": {
        "acronym": "FC",
        "name": "Forlì-Cesena"
    }
},
{
    "model": "orders.province",
    "pk": 33,
    "fields": {
        "acronym": "FE",
        "name": "Ferrara"
    }
},
{
    "model": "orders.province",
    "pk": 34,
    "fields": {
        "acronym": "FG",
        "name": "Foggia"
    }
},
{
    "model": "orders.province",
    "pk": 35,
    "fields": {
        "acronym": "FI",
        "name": "Firenze"
    }
},
{
    "model": "orders.province",
    "pk": 36,
    "fields": {
        "acronym": "FM",
        "name": "Fermo"
    }
},
{
    "model": "orders.province",
    "pk": 37,
    "fields": {
        "acronym": "FR",
        "name": "Frosinone"
    }
},
{
    "model": "orders.province",
    "pk": 38,
    "fields": {
        "acronym": "GE",
        "name": "Genova"
    }
},
{
    "model": "orders.province",
    "pk": 39,
    "fields": {
        "acronym": "GO",
        "name": "Gorizia"
    }
},
{
    "model": "orders.province",
    "pk": 40,
    "fields": {
        "acronym": "GR",
        "name": "Grosseto"
    }
},
{
    "model": "orders.province",
    "pk": 41,
    "fields": {
        "acronym": "IM",
        "name": "Imperia"
    }
},
{
    "model": "orders.province",
    "pk": 42,
    "fields": {
        "acronym": "IS",
        "name": "Isernia"
    }
},
{
    "model": "orders.province",
    "pk": 43,
    "fields": {
        "acronym": "KR",
        "name": "Crotone"
    }
},
{
    "model": "orders.province",
    "pk": 44,
    "fields": {
        "acronym": "LC",
        "name": "Lecco"
    }
},
{
    "model": "orders.province",
    "pk": 45,
    "fields": {
        "acronym": "LE",
        "name": "Lecce"
    }
},
{
    "model": "orders.province",
    "pk": 46,
    "fields": {
        "acronym": "LI",
        "name": "Livorno"
    }
},
{
    "model": "orders.province",
    "pk": 47,
    "fields": {
        "acronym": "LO",
        "name": "Lodi"
    }
},
{
    "model": "orders.province",
    "pk": 48,
    "fields": {
        "acronym": "LT",
        "name": "Latina"
    }
},
{
    "model": "orders.province",
    "pk": 49,
    "fields": {
        "acronym": "LU",
        "name": "Lucca"
    }
},
{
    "model": "orders.province",
    "pk": 50,
    "fields": {
        "acronym": "MB",
        "name": "Monza e della Brianza"
    }
},
{
    "model": "orders.province",
    "pk": 51,
    "fields": {
        "acronym": "MC",
        "name": "Macerata"
    }
},
{
    "model": "orders.province",
    "pk": 52,
    "fields": {
        "acronym": "ME",
        "name": "Messina"
    }
},
{
    "model": "orders.province",
    "pk": 53,
    "fields": {
        "acronym": "MI",
        "name": "Milano"
    }
},
{
    "model": "orders.province",
    "pk": 54,
    "fields": {
        "acronym": "MN",
        "name": "Mantova"
    }
},
{
    "model": "orders.province",
    "pk": 55,
    "fields": {
        "acronym": "MO",
        "name": "Modena"
    }
},
{
    "model": "orders.province",
    "pk": 56,
    "fields": {
        "acronym": "MS",
        "name": "Massa-Carrara"
    }
},
{
    "model": "orders.province",
    "pk": 57,
    "fields": {
        "acronym": "MT",
        "name": "Matera"
    }
},
{
    "model": "orders.province",
    "pk": 58,
    "fields": {
        "acronym": "NA",
        "name": "Napoli"
    }
},
{
    "model": "orders.province",
    "pk": 59,
    "fields": {
        "acronym": "NO",
        "name": "Novara"
    }
},
{
    "model": "orders.province",
    "pk": 60,
    "fields": {
        "acronym": "NU",
        "name": "Nuoro"
    }
},
{
    "model": "orders.province",
    "pk": 61,
    "fields": {
        "acronym": "OR",
        "name": "Oristano"
    }
},
{
    "model": "orders.province",
    "pk": 62,
    "fields": {
        "acronym": "PA",
        "name": "Palermo"
    }
},
{
    "model": "orders.province",
    "pk": 63,
    "fields": {
        "acronym": "PC",
        "name": "Piacenza"
    }
},
{
    "model": "orders.province",
    "pk": 64,
    "fields": {
        "acronym": "PD",
        "name": "Padova"
    }
},
{
    "model": "orders.province",
    "pk": 65,
    "fields": {
        "acronym": "PE",
        "name": "Pescara"
    }
},
{
    "model": "orders.province",
    "pk": 66,
    "fields": {
        "acronym": "PG",
        "name": "Perugia"
    }
},
{
    "model": "orders.province",
    "pk": 67,
    "fields": {
        "acronym": "PI",
        "name": "Pisa"
    }
},
{
    "model": "orders.province",
    "pk": 68,
    "fields": {
        "acronym": "PN",
        "name": "Pordenone"
    }
},
{
    "model": "orders.province",
    "pk": 69,
    "fields": {
        "acronym": "PO",
        "name": "Prato"
    }
},
{
    "model": "orders.province",
    "pk": 70,
    "fields": {
        "acronym": "PR",
        "name": "Parma"
    }
},
{
    "model": "orders.province",
    "pk": 71,
    "fields": {
        "acronym": "PT",
        "name": "Pistoia"
    }
},
{
    "model": "orders.province",
    "pk": 72,
    "fields": {
        "acronym": "PU",
        "name": "Pesaro e Urbino"
    }
},
{
    "model": "orders.province",
    "pk": 73,
    "fields": {
        "acronym": "PV",
        "name": "Pavia"
    }
},
{
    "model": "orders.province",
    "pk": 74,
    "fields": {
        "acronym": "PZ",
        "name": "Potenza"
    }
},
{
    "model": "orders.province",
    "pk": 75,
    "fields": {
        "acronym": "RA",
        "name": "Ravenna"
    }
},
{
    "model": "orders.province",
    "pk": 76,
    "fields": {
        "acronym": "RC",
        "name": "Reggio Calabria"
    }
},
{
    "model": "orders.province",
    "pk": 77,
    "fields": {
        "acronym": "RE",
        "name": "Reggio nell'Emilia"
    }
},
{
    "model": "orders.province",
    "pk": 78,
    "fields": {
        "acronym": "RG",
        "name": "Ragusa"
    }
},
{
    "model": "orders.province",
    "pk": 79,
    "fields": {
        "acronym": "RI",
        "name": "Rieti"
    }
},
{
    "model": "orders.province",
    "pk": 80,
    "fields": {
        "acronym": "RM",
        "name": "Roma"
    }
},
{
    "model": "orders.province",
    "pk": 81,
    "fields": {
        "acronym": "RN",
        "name": "Rimini"
    }
},
{
    "model": "orders.province",
    "pk": 82,
    "fields": {
        "acronym": "RO",
        "name": "Rovigo"
    }
},
{
    "model": "orders.province",
    "pk": 83,
    "fields": {
        "acronym": "SA",
        "name": "Salerno"
    }
},
{
    "model": "orders.province",
    "pk": 84,
    "fields": {
        "acronym": "SI",
        "name": "Siena"
    }
},
{
    "model": "orders.province",
    "pk": 85,
    "fields": {
        "acronym": "SO",
        "name": "Sondrio"
    }
},
{
    "model": "orders.province",
    "pk": 86,
    "fields": {
        "acronym": "SP",
        "name": "La Spezia"
    }
},
{
    "model": "orders.province",
    "pk": 87,
    "fields": {
        "acronym": "SR",
        "name": "Siracusa"
    }
},
{
    "model": "orders.province",
    "pk": 88,
    "fields": {
        "acronym": "SS",
        "name": "Sassari"
    }
},
{
    "model": "orders.province",
    "pk": 89,
    "fields": {
        "acronym": "SU",
        "name": "Sud Sardegna"
    }
},
{
    "model": "orders.province",
    "pk": 90,
    "fields": {
        "acronym": "SV",
        "name": "Savona"
    }
},
{
    "model": "orders.province",
    "pk": 91,
    "fields": {
        "acronym": "TA",
        "name": "Taranto"
    }
},
{
    "model": "orders.province",
    "pk": 92,
    "fields": {
        "acronym": "TE",
        "name": "Teramo"
    }
},
{
    "model": "orders.province",
    "pk": 93,
    "fields": {
        "acronym": "TN",
        "name": "Trento"
    }
},
{
    "model": "orders.province",
    "pk": 94,
    "fields": {
        "acronym": "TO",
        "name": "Torino"
    }
},
{
    "model": "orders.province",
    "pk": 95,
    "fields": {
        "acronym": "TP",
        "name": "Trapani"
    }
},
{
    "model": "orders.province",
    "pk": 96,
    "fields": {
        "acronym": "TR",
        "name": "Terni"
    }
},
{
    "model": "orders.province",
    "pk": 97,
    "fields": {
        "acronym": "TS",
        "name": "Trieste"
    }
},
{
    "model": "orders.province",
    "pk": 98,
    "fields": {
        "acronym": "TV",
        "name": "Treviso"
    }
},
{
    "model": "orders.province",
    "pk": 99,
    "fields": {
        "acronym": "UD",
        "name": "Udine"
    }
},
{
    "model": "orders.province",
    "pk": 100,
    "fields": {
        "acronym": "VA",
        "name": "Varese"
    }
},
{
    "model": "orders.province",
    "pk": 101,
    "fields": {
        "acronym": "VB",
        "name": "Verbano-Cusio-Ossola"
    }
},
{
    "model": "orders.province",
    "pk": 102,
    "fields": {
        "acronym": "VC",
        "name": "Vercelli"
    }
},
{
    "model": "orders.province",
    "pk": 103,
    "fields": {
        "acronym": "VE",
        "name": "Venezia"
    }
},
{
    "model": "orders.province",
    "pk": 104,
    "fields": {
        "acronym": "VI",
        "name": "Vicenza"
    }
},
{
    "model": "orders.province",
    "pk": 105,
    "fields": {
        "acronym": "VR",
        "name": "Verona"
    }
},
{
    "model": "orders.province",
    "pk": 106,
    "fields": {
        "acronym": "VT",
        "name": "Viterbo"
    }
},
{
    "model": "orders.province",
    "pk": 107,
    "fields": {
        "acronym": "VV",
        "name": "Vibo Valentia"
    }
},
{
    "model": "orders.paymentmethod",
    "pk": 1,
    "fields": {
        "name": "Contrassegno"
    }
},
{
    "model": "orders.paymentmethod",
    "pk": 2,
    "fields": {
        "name": "Paypal"
    }
},
{
    "model": "orders.paymentmethod",
    "pk": 3,
    "fields": {
        "name": "Stripe"
    }
},
{
    "model": "orders.order",
    "pk": 1,
    "fields": {
        "user": [
            "root@root.it"
        ],
        "date_created": "2024-10-06T09:06:56.863Z",
        "name": "Pinco Pallino",
        "phone_number": "+390123456789",
        "address_line_one": "Via Roma 12",
        "address_line_two": "Interno 27",
        "province": 1,
        "postal_code": "00100",
        "city": "Roma",
        "payment_method": 1
    }
},
{
    "model": "orders.order",
    "pk": 2,
    "fields": {
        "user": [
            "root@root.it"
        ],
        "date_created": "2024-10-06T09:54:49.150Z",
        "name": "Pinco Pallino",
        "phone_number": "+390123456789",
        "address_line_one": "Via Roma 12",
        "address_line_two": "Interno 27",
        "province": 1,
        "postal_code": "00100",
        "city": "Roma",
        "payment_method": 1
    }
},
{
    "model": "orders.order",
    "pk": 3,
    "fields": {
        "user": [
            "root@root.it"
        ],
        "date_created": "2024-10-06T16:55:41.826Z",
        "name": "Pinco Pallino",
        "phone_number": "+390123456789",
        "address_line_one": "Via Roma 12",
        "address_line_two": "Interno 27",
        "province": 1,
        "postal_code": "00100",
        "city": "Roma",
        "payment_method": 1
    }
},
{
    "model": "orders.order",
    "pk": 4,
    "fields": {
        "user": [
            "root@root.it"
        ],
        "date_created": "2024-11-18T10:30:58.853Z",
        "name": "fdas",
        "phone_number": "+393283210089",
        "address_line_one": "fda",
        "address_line_two": "fads",
        "province": 1,
        "postal_code": "45435",
        "city": "fds",
        "payment_method": 1
    }
},
{
    "model": "orders.order",
    "pk": 5,
    "fields": {
        "user": [
            "root@root.it"
        ],
        "date_created": "2024-11-18T10:35:31.349Z",
        "name": "fads",
        "phone_number": "+393283210089",
        "address_line_one": "fdsa",
        "address_line_two": "fdas",
        "province": 1,
        "postal_code": "34243",
        "city": "feawfa",
        "payment_method": 1
    }
},
{
    "model": "orders.order",
    "pk": 6,
    "fields": {
        "user": [
            "root@root.it"
        ],
        "date_created": "2024-11-18T10:36:41.943Z",
        "name": "fads",
        "phone_number": "+393283210089",
        "address_line_one": "fdsa",
        "address_line_two": "fdas",
        "province": 1,
        "postal_code": "34243",
        "city": "feawfa",
        "payment_method": 1
    }
},
{
    "model": "orders.order",
    "pk": 7,
    "fields": {
        "user": [
            "root@root.it"
        ],
        "date_created": "2024-11-18T12:50:58.592Z",
        "name": "fads",
        "phone_number": "+393283210089",
        "address_line_one": "dsa",
        "address_line_two": "fas",
        "province": 1,
        "postal_code": "34824",
        "city": "dsfas",
        "payment_method": 1
    }
},
{
    "model": "orders.order",
    "pk": 8,
    "fields": {
        "user": [
            "root@root.it"
        ],
        "date_created": "2024-11-18T12:51:25.467Z",
        "name": "fads",
        "phone_number": "+390123456789",
        "address_line_one": "dsa",
        "address_line_two": "fas",
        "province": 1,
        "postal_code": "34824",
        "city": "dsfas",
        "payment_method": 1
    }
},
{
    "model": "orders.order",
    "pk": 9,
    "fields": {
        "user": [
            "root@root.it"
        ],
        "date_created": "2024-11-18T12:55:08.358Z",
        "name": "fadsdfs",
        "phone_number": "+390123456789",
        "address_line_one": "fdsfdsa",
        "address_line_two": "fdasdfs",
        "province": 1,
        "postal_code": "43284",
        "city": "fdsaifdsafjasdlk",
        "payment_method": 1
    }
},
{
    "model": "orders.order",
    "pk": 10,
    "fields": {
        "user": [
            "root@root.it"
        ],
        "date_created": "2024-11-18T13:06:02.046Z",
        "name": "fdasfads",
        "phone_number": "+390123456789",
        "address_line_one": "fa",
        "address_line_two": "sda",
        "province": 1,
        "postal_code": "43942",
        "city": "fdasfads",
        "payment_method": 1
    }
},
{
    "model": "orders.order",
    "pk": 11,
    "fields": {
        "user": [
            "root@root.it"
        ],
        "date_created": "2024-11-18T13:07:03.686Z",
        "name": "fadsdfa",
        "phone_number": "+390123456789",
        "address_line_one": "dfsa",
        "address_line_two": "fds",
        "province": 1,
        "postal_code": "23423",
        "city": "fdsasdfa",
        "payment_method": 1
    }
},
{
    "model": "orders.order",
    "pk": 12,
    "fields": {
        "user": [
            "root@root.it"
        ],
        "date_created": "2024-11-18T13:08:36.808Z",
        "name": "fadsdfa",
        "phone_number": "+390123456789",
        "address_line_one": "dfsa",
        "address_line_two": "fds",
        "province": 1,
        "postal_code": "23423",
        "city": "fdsasdfa",
        "payment_method": 1
    }
},
{
    "model": "orders.order",
    "pk": 13,
    "fields": {
        "user": [
            "root@root.it"
        ],
        "date_created": "2024-11-18T13:11:03.593Z",
        "name": "fdas",
        "phone_number": "+390123456789",
        "address_line_one": "fdsa",
        "address_line_two": "fdsadfa",
        "province": 1,
        "postal_code": "12318",
        "city": "fdsafds",
        "payment_method": 1
    }
},
{
    "model": "orders.order",
    "pk": 14,
    "fields": {
        "user": [
            "root@root.it"
        ],
        "date_created": "2024-11-18T13:11:39.497Z",
        "name": "fdas",
        "phone_number": "+390123456789",
        "address_line_one": "fdsa",
        "address_line_two": "fdsadfa",
        "province": 1,
        "postal_code": "12318",
        "city": "fdsafds",
        "payment_method": 1
    }
},
{
    "model": "orders.order",
    "pk": 15,
    "fields": {
        "user": [
            "root@root.it"
        ],
        "date_created": "2024-11-18T13:11:48.576Z",
        "name": "fdas",
        "phone_number": "+390123456789",
        "address_line_one": "fdsa",
        "address_line_two": "fdsadfa",
        "province": 1,
        "postal_code": "12318",
        "city": "fdsafds",
        "payment_method": 1
    }
},
{
    "model": "orders.order",
    "pk": 16,
    "fields": {
        "user": [
            "root@root.it"
        ],
        "date_created": "2024-11-18T13:12:11.137Z",
        "name": "fdas",
        "phone_number": "+390123456789",
        "address_line_one": "fdsa",
        "address_line_two": "fdsadfa",
        "province": 1,
        "postal_code": "12318",
        "city": "fdsafds",
        "payment_method": 1
    }
},
{
    "model": "orders.order",
    "pk": 17,
    "fields": {
        "user": [
            "root@root.it"
        ],
        "date_created": "2024-11-18T13:12:55.661Z",
        "name": "fdas",
        "phone_number": "+390123456789",
        "address_line_one": "fdsa",
        "address_line_two": "fdsadfa",
        "province": 1,
        "postal_code": "12318",
        "city": "fdsafds",
        "payment_method": 1
    }
},
{
    "model": "orders.order",
    "pk": 18,
    "fields": {
        "user": [
            "root@root.it"
        ],
        "date_created": "2024-11-18T13:17:21.436Z",
        "name": "fadsdffsaf",
        "phone_number": "+390123456789",
        "address_line_one": "fdsafds",
        "address_line_two": "fdsafsa",
        "province": 1,
        "postal_code": "01231",
        "city": "dfsadfsf",
        "payment_method": 1
    }
},
{
    "model": "orders.order",
    "pk": 19,
    "fields": {
        "user": [
            "root@root.it"
        ],
        "date_created": "2024-11-18T13:22:33.247Z",
        "name": "fdfasfasf",
        "phone_number": "+390123456789",
        "address_line_one": "fdsaj",
        "address_line_two": "fdsal",
        "province": 1,
        "postal_code": "12143",
        "city": "efdsafasd",
        "payment_method": 1
    }
},
{
    "model": "orders.order",
    "pk": 20,
    "fields": {
        "user": [
            "root@root.it"
        ],
        "date_created": "2024-11-18T13:23:29.717Z",
        "name": "fadsafsd",
        "phone_number": "+390123456789",
        "address_line_one": "fds",
        "address_line_two": "fdsa",
        "province": 1,
        "postal_code": "21423",
        "city": "fds",
        "payment_method": 1
    }
},
{
    "model": "orders.orderproduct",
    "pk": 1,
    "fields": {
        "order": 1,
        "variant": 1,
        "quantity": 3,
        "price": "0.00"
    }
},
{
    "model": "orders.orderproduct",
    "pk": 2,
    "fields": {
        "order": 1,
        "variant": 11,
        "quantity": 1,
        "price": "0.00"
    }
},
{
    "model": "orders.orderproduct",
    "pk": 3,
    "fields": {
        "order": 2,
        "variant": 1,
        "quantity": 5,
        "price": "0.00"
    }
},
{
    "model": "orders.orderproduct",
    "pk": 4,
    "fields": {
        "order": 3,
        "variant": 11,
        "quantity": 1,
        "price": "15.00"
    }
},
{
    "model": "orders.orderproduct",
    "pk": 5,
    "fields": {
        "order": 7,
        "variant": 4,
        "quantity": 2,
        "price": "15.00"
    }
},
{
    "model": "orders.orderproduct",
    "pk": 6,
    "fields": {
        "order": 7,
        "variant": 13,
        "quantity": 1,
        "price": "120.00"
    }
},
{
    "model": "orders.orderproduct",
    "pk": 7,
    "fields": {
        "order": 8,
        "variant": 4,
        "quantity": 2,
        "price": "15.00"
    }
},
{
    "model": "orders.orderproduct",
    "pk": 8,
    "fields": {
        "order": 8,
        "variant": 13,
        "quantity": 1,
        "price": "120.00"
    }
},
{
    "model": "orders.orderproduct",
    "pk": 9,
    "fields": {
        "order": 9,
        "variant": 4,
        "quantity": 2,
        "price": "15.00"
    }
},
{
    "model": "orders.orderproduct",
    "pk": 10,
    "fields": {
        "order": 9,
        "variant": 13,
        "quantity": 1,
        "price": "120.00"
    }
},
{
    "model": "orders.orderproduct",
    "pk": 11,
    "fields": {
        "order": 10,
        "variant": 13,
        "quantity": 3,
        "price": "120.00"
    }
},
{
    "model": "orders.orderproduct",
    "pk": 12,
    "fields": {
        "order": 10,
        "variant": 7,
        "quantity": 1,
        "price": "16.00"
    }
},
{
    "model": "orders.orderproduct",
    "pk": 13,
    "fields": {
        "order": 20,
        "variant": 13,
        "quantity": 1,
        "price": "120.00"
    }
},
{
    "model": "admin.logentry",
    "pk": 1,
    "fields": {
        "action_time": "2024-10-04T16:20:05.298Z",
        "user": [
            "root@root.it"
        ],
        "content_type": null,
        "object_id": "1",
        "object_repr": "Brand object (1)",
        "action_flag": 1,
        "change_message": "[{\"added\": {}}]"
    }
},
{
    "model": "admin.logentry",
    "pk": 2,
    "fields": {
        "action_time": "2024-10-04T16:20:35.110Z",
        "user": [
            "root@root.it"
        ],
        "content_type": null,
        "object_id": "1",
        "object_repr": "Uomo",
        "action_flag": 1,
        "change_message": "[{\"added\": {}}]"
    }
},
{
    "model": "admin.logentry",
    "pk": 3,
    "fields": {
        "action_time": "2024-10-04T16:21:34.348Z",
        "user": [
            "root@root.it"
        ],
        "content_type": null,
        "object_id": "1",
        "object_repr": "Rosso",
        "action_flag": 1,
        "change_message": "[{\"added\": {}}]"
    }
},
{
    "model": "admin.logentry",
    "pk": 4,
    "fields": {
        "action_time": "2024-10-04T16:21:39.648Z",
        "user": [
            "root@root.it"
        ],
        "content_type": null,
        "object_id": "1",
        "object_repr": "S",
        "action_flag": 1,
        "change_message": "[{\"added\": {}}]"
    }
},
{
    "model": "admin.logentry",
    "pk": 5,
    "fields": {
        "action_time": "2024-10-04T16:21:43.277Z",
        "user": [
            "root@root.it"
        ],
        "content_type": null,
        "object_id": "2",
        "object_repr": "M",
        "action_flag": 1,
        "change_message": "[{\"added\": {}}]"
    }
},
{
    "model": "admin.logentry",
    "pk": 6,
    "fields": {
        "action_time": "2024-10-04T16:21:46.983Z",
        "user": [
            "root@root.it"
        ],
        "content_type": null,
        "object_id": "3",
        "object_repr": "L",
        "action_flag": 1,
        "change_message": "[{\"added\": {}}]"
    }
},
{
    "model": "admin.logentry",
    "pk": 7,
    "fields": {
        "action_time": "2024-10-04T16:21:54.982Z",
        "user": [
            "root@root.it"
        ],
        "content_type": null,
        "object_id": "2",
        "object_repr": "Verde",
        "action_flag": 1,
        "change_message": "[{\"added\": {}}]"
    }
},
{
    "model": "admin.logentry",
    "pk": 8,
    "fields": {
        "action_time": "2024-10-04T16:22:06.482Z",
        "user": [
            "root@root.it"
        ],
        "content_type": null,
        "object_id": "3",
        "object_repr": "Blu",
        "action_flag": 1,
        "change_message": "[{\"added\": {}}]"
    }
},
{
    "model": "admin.logentry",
    "pk": 9,
    "fields": {
        "action_time": "2024-10-04T16:22:56.073Z",
        "user": [
            "root@root.it"
        ],
        "content_type": null,
        "object_id": "1",
        "object_repr": "1-T-Shirt",
        "action_flag": 1,
        "change_message": "[{\"added\": {}}, {\"added\": {\"name\": \"product color\", \"object\": \"1-T-Shirt-Rosso\"}}, {\"added\": {\"name\": \"product color\", \"object\": \"1-T-Shirt-Verde\"}}, {\"added\": {\"name\": \"product color\", \"object\": \"1-T-Shirt-Blu\"}}, {\"added\": {\"name\": \"product variant\", \"object\": \"1-T-Shirt-1-T-Shirt-Rosso-S\"}}, {\"added\": {\"name\": \"product variant\", \"object\": \"1-T-Shirt-1-T-Shirt-Rosso-M\"}}, {\"added\": {\"name\": \"product variant\", \"object\": \"1-T-Shirt-1-T-Shirt-Rosso-L\"}}, {\"added\": {\"name\": \"product variant\", \"object\": \"1-T-Shirt-1-T-Shirt-Verde-None\"}}, {\"added\": {\"name\": \"product variant\", \"object\": \"1-T-Shirt-1-T-Shirt-Verde-None\"}}, {\"added\": {\"name\": \"product variant\", \"object\": \"1-T-Shirt-1-T-Shirt-Verde-None\"}}, {\"added\": {\"name\": \"product variant\", \"object\": \"1-T-Shirt-1-T-Shirt-Blu-S\"}}, {\"added\": {\"name\": \"product variant\", \"object\": \"1-T-Shirt-1-T-Shirt-Blu-M\"}}, {\"added\": {\"name\": \"product variant\", \"object\": \"1-T-Shirt-1-T-Shirt-Blu-L\"}}, {\"added\": {\"name\": \"product image\", \"object\": \"1-T-Shirt-Rosso-products/09598151926-a1_nMjmtc2.webp\"}}, {\"added\": {\"name\": \"product image\", \"object\": \"1-T-Shirt-Verde-products/09598151832-a1_FDYbWlO.webp\"}}, {\"added\": {\"name\": \"product image\", \"object\": \"1-T-Shirt-Blu-products/09598151926-p_Z29jynR.webp\"}}]"
    }
},
{
    "model": "admin.logentry",
    "pk": 10,
    "fields": {
        "action_time": "2024-10-04T19:17:13.645Z",
        "user": [
            "root@root.it"
        ],
        "content_type": null,
        "object_id": "1",
        "object_repr": "1-T-Shirt",
        "action_flag": 2,
        "change_message": "[{\"changed\": {\"name\": \"product image\", \"object\": \"1-T-Shirt-Rosso-products/09598151926-a1_nMjmtc2.webp\", \"fields\": [\"Image\"]}}, {\"changed\": {\"name\": \"product image\", \"object\": \"1-T-Shirt-Verde-products/09598151832-a1_FDYbWlO.webp\", \"fields\": [\"Image\"]}}, {\"changed\": {\"name\": \"product image\", \"object\": \"1-T-Shirt-Blu-products/09598151926-p_Z29jynR.webp\", \"fields\": [\"Image\"]}}]"
    }
},
{
    "model": "admin.logentry",
    "pk": 11,
    "fields": {
        "action_time": "2024-10-04T19:18:44.093Z",
        "user": [
            "root@root.it"
        ],
        "content_type": null,
        "object_id": "1",
        "object_repr": "1-T-Shirt",
        "action_flag": 2,
        "change_message": "[{\"changed\": {\"name\": \"product variant\", \"object\": \"1-T-Shirt-1-T-Shirt-Verde-None\", \"fields\": [\"Size\"]}}, {\"changed\": {\"name\": \"product variant\", \"object\": \"1-T-Shirt-1-T-Shirt-Verde-None\", \"fields\": [\"Size\"]}}, {\"changed\": {\"name\": \"product variant\", \"object\": \"1-T-Shirt-1-T-Shirt-Verde-None\", \"fields\": [\"Size\"]}}]"
    }
},
{
    "model": "admin.logentry",
    "pk": 12,
    "fields": {
        "action_time": "2024-10-04T19:20:46.237Z",
        "user": [
            "root@root.it"
        ],
        "content_type": null,
        "object_id": "1",
        "object_repr": "1-T-Shirt",
        "action_flag": 2,
        "change_message": "[{\"changed\": {\"name\": \"product variant\", \"object\": \"1-T-Shirt-1-T-Shirt-Verde-S\", \"fields\": [\"Stock\"]}}, {\"changed\": {\"name\": \"product variant\", \"object\": \"1-T-Shirt-1-T-Shirt-Verde-L\", \"fields\": [\"Stock\"]}}]"
    }
},
{
    "model": "admin.logentry",
    "pk": 13,
    "fields": {
        "action_time": "2024-10-06T09:06:56.873Z",
        "user": [
            "root@root.it"
        ],
        "content_type": null,
        "object_id": "1",
        "object_repr": "Order object (1)",
        "action_flag": 1,
        "change_message": "[{\"added\": {}}, {\"added\": {\"name\": \"order product\", \"object\": \"OrderProduct object (1)\"}}, {\"added\": {\"name\": \"order product\", \"object\": \"OrderProduct object (2)\"}}]"
    }
},
{
    "model": "admin.logentry",
    "pk": 14,
    "fields": {
        "action_time": "2024-10-06T09:54:49.159Z",
        "user": [
            "root@root.it"
        ],
        "content_type": null,
        "object_id": "2",
        "object_repr": "Order object (2)",
        "action_flag": 1,
        "change_message": "[{\"added\": {}}, {\"added\": {\"name\": \"order product\", \"object\": \"OrderProduct object (3)\"}}]"
    }
},
{
    "model": "admin.logentry",
    "pk": 15,
    "fields": {
        "action_time": "2024-10-06T16:55:41.831Z",
        "user": [
            "root@root.it"
        ],
        "content_type": null,
        "object_id": "3",
        "object_repr": "Order object (3)",
        "action_flag": 1,
        "change_message": "[{\"added\": {}}, {\"added\": {\"name\": \"order product\", \"object\": \"OrderProduct object (4)\"}}]"
    }
},
{
    "model": "admin.logentry",
    "pk": 16,
    "fields": {
        "action_time": "2024-10-09T17:49:27.306Z",
        "user": [
            "root@root.it"
        ],
        "content_type": null,
        "object_id": "1",
        "object_repr": "1-T-Shirt",
        "action_flag": 2,
        "change_message": "[{\"changed\": {\"name\": \"product variant\", \"object\": \"1-T-Shirt-Blu-S\", \"fields\": [\"Price\"]}}, {\"changed\": {\"name\": \"product variant\", \"object\": \"1-T-Shirt-Blu-M\", \"fields\": [\"Price\"]}}, {\"changed\": {\"name\": \"product variant\", \"object\": \"1-T-Shirt-Blu-L\", \"fields\": [\"Price\"]}}]"
    }
},
{
    "model": "admin.logentry",
    "pk": 17,
    "fields": {
        "action_time": "2024-10-09T17:57:58.094Z",
        "user": [
            "root@root.it"
        ],
        "content_type": null,
        "object_id": "1",
        "object_repr": "1-T-Shirt",
        "action_flag": 2,
        "change_message": "[{\"changed\": {\"name\": \"product variant\", \"object\": \"1-T-Shirt-Rosso-S\", \"fields\": [\"Stock\"]}}]"
    }
},
{
    "model": "admin.logentry",
    "pk": 18,
    "fields": {
        "action_time": "2024-10-09T18:03:03.908Z",
        "user": [
            "root@root.it"
        ],
        "content_type": null,
        "object_id": "4",
        "object_repr": "XL",
        "action_flag": 1,
        "change_message": "[{\"added\": {}}]"
    }
},
{
    "model": "admin.logentry",
    "pk": 19,
    "fields": {
        "action_time": "2024-10-09T18:03:11.852Z",
        "user": [
            "root@root.it"
        ],
        "content_type": null,
        "object_id": "1",
        "object_repr": "1-T-Shirt",
        "action_flag": 2,
        "change_message": "[{\"added\": {\"name\": \"product variant\", \"object\": \"1-T-Shirt-Blu-XL\"}}]"
    }
},
{
    "model": "admin.logentry",
    "pk": 20,
    "fields": {
        "action_time": "2024-10-10T04:59:44.935Z",
        "user": [
            "root@root.it"
        ],
        "content_type": null,
        "object_id": "2",
        "object_repr": "Adidas",
        "action_flag": 1,
        "change_message": "[{\"added\": {}}]"
    }
},
{
    "model": "admin.logentry",
    "pk": 21,
    "fields": {
        "action_time": "2024-10-10T05:00:06.990Z",
        "user": [
            "root@root.it"
        ],
        "content_type": null,
        "object_id": "2",
        "object_repr": "2-Felpa",
        "action_flag": 1,
        "change_message": "[{\"added\": {}}]"
    }
},
{
    "model": "admin.logentry",
    "pk": 22,
    "fields": {
        "action_time": "2024-10-15T16:35:24.524Z",
        "user": [
            "root@root.it"
        ],
        "content_type": null,
        "object_id": "1",
        "object_repr": "1-T-Shirt",
        "action_flag": 2,
        "change_message": "[{\"added\": {\"name\": \"product variant\", \"object\": \"1-T-Shirt-Verde-L\"}}, {\"added\": {\"name\": \"product variant\", \"object\": \"1-T-Shirt-Blu-XL\"}}]"
    }
},
{
    "model": "admin.logentry",
    "pk": 23,
    "fields": {
        "action_time": "2024-10-16T06:06:51.642Z",
        "user": [
            "root@root.it"
        ],
        "content_type": null,
        "object_id": "3",
        "object_repr": "Levi's",
        "action_flag": 1,
        "change_message": "[{\"added\": {}}]"
    }
},
{
    "model": "admin.logentry",
    "pk": 24,
    "fields": {
        "action_time": "2024-10-16T06:08:51.291Z",
        "user": [
            "root@root.it"
        ],
        "content_type": null,
        "object_id": "4",
        "object_repr": "Lightweight",
        "action_flag": 1,
        "change_message": "[{\"added\": {}}]"
    }
},
{
    "model": "admin.logentry",
    "pk": 25,
    "fields": {
        "action_time": "2024-10-16T06:09:53.574Z",
        "user": [
            "root@root.it"
        ],
        "content_type": null,
        "object_id": "3",
        "object_repr": "3-Jeans",
        "action_flag": 1,
        "change_message": "[{\"added\": {}}, {\"added\": {\"name\": \"product color\", \"object\": \"3-Jeans-Blu\"}}, {\"added\": {\"name\": \"product color\", \"object\": \"3-Jeans-Lightweight\"}}, {\"added\": {\"name\": \"product variant\", \"object\": \"3-Jeans-Blu-M\"}}, {\"added\": {\"name\": \"product variant\", \"object\": \"3-Jeans-Lightweight-M\"}}, {\"added\": {\"name\": \"product image\", \"object\": \"3-Jeans-Blu-products/005010114-detail1-pdp-ld.jpg\"}}, {\"added\": {\"name\": \"product image\", \"object\": \"3-Jeans-Lightweight-products/005013524-alt1-pdp-ld.jpg\"}}]"
    }
},
{
    "model": "admin.logentry",
    "pk": 26,
    "fields": {
        "action_time": "2024-10-16T06:16:48.548Z",
        "user": [
            "root@root.it"
        ],
        "content_type": null,
        "object_id": "3",
        "object_repr": "3-Jeans",
        "action_flag": 2,
        "change_message": "[{\"changed\": {\"name\": \"product variant\", \"object\": \"3-Jeans-Lightweight-M\", \"fields\": [\"Stock\"]}}]"
    }
},
{
    "model": "admin.logentry",
    "pk": 27,
    "fields": {
        "action_time": "2024-10-16T06:27:18.915Z",
        "user": [
            "root@root.it"
        ],
        "content_type": null,
        "object_id": "2",
        "object_repr": "Donna",
        "action_flag": 1,
        "change_message": "[{\"added\": {}}]"
    }
},
{
    "model": "admin.logentry",
    "pk": 28,
    "fields": {
        "action_time": "2024-10-16T06:27:40.684Z",
        "user": [
            "root@root.it"
        ],
        "content_type": null,
        "object_id": "3",
        "object_repr": "Bambino",
        "action_flag": 1,
        "change_message": "[{\"added\": {}}]"
    }
},
{
    "model": "admin.logentry",
    "pk": 29,
    "fields": {
        "action_time": "2024-10-16T15:09:03.731Z",
        "user": [
            "root@root.it"
        ],
        "content_type": null,
        "object_id": "4",
        "object_repr": "Uomo-Giacche",
        "action_flag": 1,
        "change_message": "[{\"added\": {}}]"
    }
},
{
    "model": "admin.logentry",
    "pk": 30,
    "fields": {
        "action_time": "2024-10-16T15:09:06.765Z",
        "user": [
            "root@root.it"
        ],
        "content_type": null,
        "object_id": "1",
        "object_repr": "Giacche-Uomo",
        "action_flag": 2,
        "change_message": "[{\"changed\": {\"fields\": [\"Parent category\"]}}]"
    }
},
{
    "model": "admin.logentry",
    "pk": 31,
    "fields": {
        "action_time": "2024-10-16T15:09:11.233Z",
        "user": [
            "root@root.it"
        ],
        "content_type": null,
        "object_id": "3",
        "object_repr": "Bambini",
        "action_flag": 2,
        "change_message": "[{\"changed\": {\"fields\": [\"Name\"]}}]"
    }
},
{
    "model": "admin.logentry",
    "pk": 32,
    "fields": {
        "action_time": "2024-10-16T15:10:53.745Z",
        "user": [
            "root@root.it"
        ],
        "content_type": null,
        "object_id": "1",
        "object_repr": "Uomo",
        "action_flag": 2,
        "change_message": "[{\"changed\": {\"fields\": [\"Parent category\"]}}]"
    }
},
{
    "model": "admin.logentry",
    "pk": 33,
    "fields": {
        "action_time": "2024-10-16T15:12:44.451Z",
        "user": [
            "root@root.it"
        ],
        "content_type": null,
        "object_id": "1",
        "object_repr": "Uomo",
        "action_flag": 2,
        "change_message": "[]"
    }
},
{
    "model": "admin.logentry",
    "pk": 34,
    "fields": {
        "action_time": "2024-10-16T15:12:56.555Z",
        "user": [
            "root@root.it"
        ],
        "content_type": null,
        "object_id": "5",
        "object_repr": "Uomo-Jeans",
        "action_flag": 1,
        "change_message": "[{\"added\": {}}]"
    }
},
{
    "model": "admin.logentry",
    "pk": 35,
    "fields": {
        "action_time": "2024-10-16T15:16:01.909Z",
        "user": [
            "root@root.it"
        ],
        "content_type": null,
        "object_id": "6",
        "object_repr": "Jeans-Uomo-Bermuda",
        "action_flag": 1,
        "change_message": "[{\"added\": {}}]"
    }
},
{
    "model": "admin.logentry",
    "pk": 36,
    "fields": {
        "action_time": "2024-10-16T19:53:11.837Z",
        "user": [
            "root@root.it"
        ],
        "content_type": null,
        "object_id": "2",
        "object_repr": "2-Felpa",
        "action_flag": 2,
        "change_message": "[{\"added\": {\"name\": \"product color\", \"object\": \"2-Felpa-Rosso\"}}]"
    }
},
{
    "model": "admin.logentry",
    "pk": 37,
    "fields": {
        "action_time": "2024-10-16T21:11:10.711Z",
        "user": [
            "root@root.it"
        ],
        "content_type": null,
        "object_id": "3",
        "object_repr": "3-Jeans",
        "action_flag": 2,
        "change_message": "[{\"changed\": {\"fields\": [\"Categories\"]}}]"
    }
},
{
    "model": "admin.logentry",
    "pk": 38,
    "fields": {
        "action_time": "2024-10-17T06:03:05.964Z",
        "user": [
            "root@root.it"
        ],
        "content_type": null,
        "object_id": "4",
        "object_repr": "4-Prodotto inattivo",
        "action_flag": 1,
        "change_message": "[{\"added\": {}}]"
    }
},
{
    "model": "admin.logentry",
    "pk": 39,
    "fields": {
        "action_time": "2024-10-17T06:03:22.436Z",
        "user": [
            "root@root.it"
        ],
        "content_type": null,
        "object_id": "4",
        "object_repr": "4-Prodotto inattivo",
        "action_flag": 2,
        "change_message": "[{\"added\": {\"name\": \"product color\", \"object\": \"4-Prodotto inattivo-Verde\"}}, {\"added\": {\"name\": \"product variant\", \"object\": \"4-Prodotto inattivo-Verde-M\"}}]"
    }
},
{
    "model": "admin.logentry",
    "pk": 40,
    "fields": {
        "action_time": "2024-10-17T06:05:41.135Z",
        "user": [
            "root@root.it"
        ],
        "content_type": null,
        "object_id": "4",
        "object_repr": "4-Prodotto inattivo",
        "action_flag": 2,
        "change_message": "[{\"changed\": {\"fields\": [\"Is active\"]}}]"
    }
},
{
    "model": "admin.logentry",
    "pk": 41,
    "fields": {
        "action_time": "2024-10-17T06:25:43.845Z",
        "user": [
            "root@root.it"
        ],
        "content_type": null,
        "object_id": "1",
        "object_repr": "1-T-Shirt",
        "action_flag": 2,
        "change_message": "[{\"changed\": {\"fields\": [\"Is active\"]}}]"
    }
},
{
    "model": "admin.logentry",
    "pk": 42,
    "fields": {
        "action_time": "2024-10-17T06:25:54.273Z",
        "user": [
            "root@root.it"
        ],
        "content_type": null,
        "object_id": "1",
        "object_repr": "1-T-Shirt",
        "action_flag": 2,
        "change_message": "[{\"changed\": {\"fields\": [\"Is active\"]}}]"
    }
},
{
    "model": "admin.logentry",
    "pk": 43,
    "fields": {
        "action_time": "2024-10-18T11:47:29.995Z",
        "user": [
            "root@root.it"
        ],
        "content_type": null,
        "object_id": "5",
        "object_repr": "46",
        "action_flag": 1,
        "change_message": "[{\"added\": {}}]"
    }
},
{
    "model": "admin.logentry",
    "pk": 44,
    "fields": {
        "action_time": "2024-10-18T22:06:18.269Z",
        "user": [
            "root@root.it"
        ],
        "content_type": null,
        "object_id": "7",
        "object_repr": "Uomo-ciao",
        "action_flag": 1,
        "change_message": "[{\"added\": {}}]"
    }
},
{
    "model": "admin.logentry",
    "pk": 45,
    "fields": {
        "action_time": "2024-11-18T08:41:52.760Z",
        "user": [
            "root@root.it"
        ],
        "content_type": [
            "products",
            "product"
        ],
        "object_id": "1",
        "object_repr": "1-T-Shirt",
        "action_flag": 2,
        "change_message": "[{\"changed\": {\"name\": \"product variant\", \"object\": \"1-T-Shirt-Verde-L\", \"fields\": [\"Stock\"]}}]"
    }
},
{
    "model": "admin.logentry",
    "pk": 46,
    "fields": {
        "action_time": "2024-11-18T12:56:35.930Z",
        "user": [
            "root@root.it"
        ],
        "content_type": [
            "orders",
            "order"
        ],
        "object_id": "9",
        "object_repr": "Order object (9)",
        "action_flag": 2,
        "change_message": "[{\"changed\": {\"fields\": [\"Numero di telefono\"]}}]"
    }
},
{
    "model": "admin.logentry",
    "pk": 47,
    "fields": {
        "action_time": "2024-11-18T12:56:46.358Z",
        "user": [
            "root@root.it"
        ],
        "content_type": [
            "orders",
            "order"
        ],
        "object_id": "8",
        "object_repr": "Order object (8)",
        "action_flag": 2,
        "change_message": "[{\"changed\": {\"fields\": [\"Numero di telefono\"]}}]"
    }
},
{
    "model": "admin.logentry",
    "pk": 48,
    "fields": {
        "action_time": "2024-11-18T13:10:17.268Z",
        "user": [
            "root@root.it"
        ],
        "content_type": [
            "products",
            "product"
        ],
        "object_id": "3",
        "object_repr": "3-Jeans",
        "action_flag": 2,
        "change_message": "[{\"changed\": {\"name\": \"product variant\", \"object\": \"3-Jeans-Blu-M\", \"fields\": [\"Stock\"]}}]"
    }
},
{
    "model": "admin.logentry",
    "pk": 49,
    "fields": {
        "action_time": "2024-11-18T13:10:31.982Z",
        "user": [
            "root@root.it"
        ],
        "content_type": [
            "products",
            "product"
        ],
        "object_id": "3",
        "object_repr": "3-Jeans",
        "action_flag": 2,
        "change_message": "[{\"changed\": {\"name\": \"product variant\", \"object\": \"3-Jeans-Blu-M\", \"fields\": [\"Stock\"]}}]"
    }
},
{
    "model": "admin.logentry",
    "pk": 50,
    "fields": {
        "action_time": "2024-11-18T13:10:42.252Z",
        "user": [
            "root@root.it"
        ],
        "content_type": [
            "products",
            "product"
        ],
        "object_id": "3",
        "object_repr": "3-Jeans",
        "action_flag": 2,
        "change_message": "[{\"changed\": {\"name\": \"product variant\", \"object\": \"3-Jeans-Blu-M\", \"fields\": [\"Stock\"]}}]"
    }
},
{
    "model": "admin.logentry",
    "pk": 51,
    "fields": {
        "action_time": "2024-11-18T13:11:46.753Z",
        "user": [
            "root@root.it"
        ],
        "content_type": [
            "products",
            "product"
        ],
        "object_id": "3",
        "object_repr": "3-Jeans",
        "action_flag": 2,
        "change_message": "[{\"changed\": {\"name\": \"product variant\", \"object\": \"3-Jeans-Blu-M\", \"fields\": [\"Stock\"]}}]"
    }
},
{
    "model": "admin.logentry",
    "pk": 52,
    "fields": {
        "action_time": "2024-11-18T13:12:08.814Z",
        "user": [
            "root@root.it"
        ],
        "content_type": [
            "products",
            "product"
        ],
        "object_id": "3",
        "object_repr": "3-Jeans",
        "action_flag": 2,
        "change_message": "[{\"changed\": {\"name\": \"product variant\", \"object\": \"3-Jeans-Blu-M\", \"fields\": [\"Stock\"]}}]"
    }
},
{
    "model": "admin.logentry",
    "pk": 53,
    "fields": {
        "action_time": "2024-11-18T13:12:41.436Z",
        "user": [
            "root@root.it"
        ],
        "content_type": [
            "products",
            "product"
        ],
        "object_id": "3",
        "object_repr": "3-Jeans",
        "action_flag": 2,
        "change_message": "[{\"changed\": {\"name\": \"product variant\", \"object\": \"3-Jeans-Blu-M\", \"fields\": [\"Stock\"]}}]"
    }
},
{
    "model": "admin.logentry",
    "pk": 54,
    "fields": {
        "action_time": "2024-11-18T13:13:03.020Z",
        "user": [
            "root@root.it"
        ],
        "content_type": [
            "products",
            "product"
        ],
        "object_id": "3",
        "object_repr": "3-Jeans",
        "action_flag": 2,
        "change_message": "[{\"changed\": {\"name\": \"product variant\", \"object\": \"3-Jeans-Blu-M\", \"fields\": [\"Stock\"]}}]"
    }
},
{
    "model": "admin.logentry",
    "pk": 55,
    "fields": {
        "action_time": "2024-11-18T13:17:40.846Z",
        "user": [
            "root@root.it"
        ],
        "content_type": [
            "products",
            "product"
        ],
        "object_id": "3",
        "object_repr": "3-Jeans",
        "action_flag": 2,
        "change_message": "[{\"changed\": {\"name\": \"product variant\", \"object\": \"3-Jeans-Blu-M\", \"fields\": [\"Stock\"]}}]"
    }
},
{
    "model": "admin.logentry",
    "pk": 56,
    "fields": {
        "action_time": "2024-11-18T13:23:07.020Z",
        "user": [
            "root@root.it"
        ],
        "content_type": [
            "products",
            "product"
        ],
        "object_id": "3",
        "object_repr": "3-Jeans",
        "action_flag": 2,
        "change_message": "[{\"changed\": {\"name\": \"product variant\", \"object\": \"3-Jeans-Blu-M\", \"fields\": [\"Stock\"]}}]"
    }
}
]
