[
{
    "model": "sessions.session",
    "pk": "0sq3alus4ggrxp6os3uq7mqdrjnp0ldm",
    "fields": {
        "session_data": "eyJjYXJ0Ijp7IjgiOjMsIjEwIjoyLCI3Ijo1fX0:1szZdZ:tlywt-UyeZ4cnOnGkCzmapN2LIv-Wli7NLoiTWGXFyE",
        "expire_date": "2024-10-26T10:46:17.926Z"
    }
},
{
    "model": "sessions.session",
    "pk": "1ruavfdkhp48cwuik46uraqgvo1r4x5c",
    "fields": {
        "session_data": ".eJxVjEEOgyAQRe8y64ZIGaC67N4zkGEGim2jiejKePfWxI3b_977GzDNC3TbfoNA61LCWtMcBoEONFy2SPxJ4wHkTeNrUjyNyzxEdSjqpFX1k6Tv83QvB4Vq-dds0ZFzmbTJ2Ir1NrH4GE3DzumIqdGNQcdGMlrNWbcx0R299yL-gS3sPy7kOyI:1tNgd9:9exqrZ8Nbit3IVKDwRwK5AiH-UKHlEwYTxRxkS68tvw",
        "expire_date": "2024-12-31T23:05:31.862Z"
    }
},
{
    "model": "sessions.session",
    "pk": "460fxxghmb778hxea3m107ynd2hanrlk",
    "fields": {
        "session_data": ".eJxVjEEOgyAQRe8y64ZIGaC67N4zkGEGim2jiejKePfWxI3b_977GzDNC3TbfoNA61LCWtMcBoEONFy2SPxJ4wHkTeNrUjyNyzxEdSjqpFX1k6Tv83QvB4Vq-dds0ZFzmbTJ2Ir1NrH4GE3DzumIqdGNQcdGMlrNWbcx0R299yL-gS3sPy7kOyI:1tD3lf:4Uab-J80cLAMdh_8E6yo-rapmrEsf17t9lUiwUW_pKY",
        "expire_date": "2024-12-02T15:34:23.504Z"
    }
},
{
    "model": "sessions.session",
    "pk": "6ngn9o65pvnlh6054uo9s3fzf55xus8v",
    "fields": {
        "session_data": ".eJxVjEEOgyAQRe8y64ZIGaC67N4zkGEGim2jiejKePfWxI3b_977GzDNC3TbfoNA61LCWtMcBoEONFy2SPxJ4wHkTeNrUjyNyzxEdSjqpFX1k6Tv83QvB4Vq-dds0ZFzmbTJ2Ir1NrH4GE3DzumIqdGNQcdGMlrNWbcx0R299yL-gS3sPy7kOyI:1tGM6i:tROnXtbd57cKVqnAWSRQ5Ep3llNXMK_7KJOAN3m3Py8",
        "expire_date": "2024-12-11T17:45:44.662Z"
    }
},
{
    "model": "sessions.session",
    "pk": "7mkadq6gurns1ofn4djkc59vqu57xsqp",
    "fields": {
        "session_data": ".eJxVjEEOgyAQRe8y64ZIGaC67N4zkGEGim2jiejKePfWxI3b_977GzDNC3TbfoNA61LCWtMcBoEONFy2SPxJ4wHkTeNrUjyNyzxEdSjqpFX1k6Tv83QvB4Vq-dds0ZFzmbTJ2Ir1NrH4GE3DzumIqdGNQcdGMlrNWbcx0R299yL-gS3sPy7kOyI:1t1JaC:9MtnL1W9fAXvOXD2J6qjcGnFUDgLuetWc2CeqkCH1to",
        "expire_date": "2024-10-31T06:02:00.018Z"
    }
},
{
    "model": "sessions.session",
    "pk": "7rpk1t9jo01t01lc2uy3jbjeeg2eb4vd",
    "fields": {
        "session_data": ".eJxVjEEOgyAQRe8y64ZIGaC67N4zkGEGim2jiejKePfWxI3b_977GzDNC3TbfoNA61LCWtMcBoEONFy2SPxJ4wHkTeNrUjyNyzxEdSjqpFX1k6Tv83QvB4Vq-dds0ZFzmbTJ2Ir1NrH4GE3DzumIqdGNQcdGMlrNWbcx0R299yL-gS3sPy7kOyI:1tG2My:HFkgVETLjbmHAyPAJr1Vnu_Tw4D3zUcv65qYUjtSoGQ",
        "expire_date": "2024-12-10T20:41:12.192Z"
    }
},
{
    "model": "sessions.session",
    "pk": "8at4u70w0y21myeq9y7mmtfdpkzb78kl",
    "fields": {
        "session_data": "eyJjYXJ0Ijp7fX0:1tNgRA:tVYdgzJ5ev5l2K1PmIGmGVO6_IzBM51XjRmjccsvbks",
        "expire_date": "2024-12-31T22:53:08.895Z"
    }
},
{
    "model": "sessions.session",
    "pk": "9ogygtxckjsuq0dbzho22rkvh441tyn2",
    "fields": {
        "session_data": ".eJxVjEEOwiAQRe_C2pAiA0iX7j1DM8yArRpIoF01vbtt0oVu_3v_rWLAZR6HpcU6TCx6ocTldwtI75gPwC_MzyKp5LlOQR6KPGmTj8Lxcz_dv8CIbdzfZMCitQmVTuDZOBOJXQi6I2tVgNipToMlzQmMoqR8iHgF5xyzu4Hfo4R1Fv26bV8kxjsi:1tEHb2:dYnLsBRmpL1qzFGbBne4csiY2v9by8BQQWg8YV8erAc",
        "expire_date": "2024-12-06T00:32:28.488Z"
    }
},
{
    "model": "sessions.session",
    "pk": "ajs0jyl64hbvtsz0pqvzbdmkzdw4qy9s",
    "fields": {
        "session_data": ".eJxVjDsOwjAQBe_iGlm7If5R0ucM1tq7wQHkSHFSIe4OkVJA-2bmvVSkbS1xa7LEidVFoTr9bonyQ-oO-E71Nus813WZkt4VfdCmh5nleT3cv4NCrXxrksDAHgUMGSZAO0IfBJOELNj1znuywEbkLA46DikkR5iYrHOGRvX-APgWOI0:1sxOiT:oq93HBKh-YCXFbeSGIldGPWXh7bF94xZWE4aPPycZq0",
        "expire_date": "2024-10-20T10:42:21.751Z"
    }
},
{
    "model": "sessions.session",
    "pk": "ft5pvtnj841mauippoh37qzr0smyxigs",
    "fields": {
        "session_data": ".eJxVjDEOAiEQRe9CbQjIAGJp7xnIMAOyaiBZdivj3XWTLbT9773_EhHXpcZ15DlOLM5Ci8PvlpAeuW2A79huXVJvyzwluSlyp0NeO-fnZXf_DiqO-q3JgkPnCmpTILD1NhP7lIwi53SCrLQy4MhwAaup6JAyHsF7z-xPEMT7A-eRN9Y:1swl0p:xQVpGaowwlQAxyYNg9IOaGcGwe10iNXIgPhLwu5bCPU",
        "expire_date": "2024-10-18T16:18:39.575Z"
    }
},
{
    "model": "sessions.session",
    "pk": "j1p9qmokjroj5o8em3ll3x8bp5em8jbk",
    "fields": {
        "session_data": ".eJxVjEEOgjAQRe_StWlaO50KS_eegUxnWosaSCisCHcXEha6_e_9t6qOlrl0S01T14tqFarL7xaJ32k4gLxoeI6ax2Ge-qgPRZ-06sco6XM_3b9AoVr2N3tAQsxkXYZGfPCJJcToDCPaCMlY4wDZSQZvOdsmJrpCCEEk3KDZo0zTrNp1274n9Tsn:1tFaPa:lX2K-KBMEDaX_VoRbnToRaut44T8iZBkdP78ntV1kKU",
        "expire_date": "2024-12-09T14:50:02.573Z"
    }
},
{
    "model": "sessions.session",
    "pk": "jnz3k0t3c95xpvhci3p75t7k714re7ll",
    "fields": {
        "session_data": ".eJxVjEEOgyAQRe8y64ZIGaC67N4zkGEGim2jiejKePfWxI3b_977GzDNC3TbfoNA61LCWtMcBoEONFy2SPxJ4wHkTeNrUjyNyzxEdSjqpFX1k6Tv83QvB4Vq-dds0ZFzmbTJ2Ir1NrH4GE3DzumIqdGNQcdGMlrNWbcx0R299yL-gS3sPy7kOyI:1tFxV9:77nlBq1fM6UU9RKjLpGLvQ0l7bAifLO8iY507o_AevI",
        "expire_date": "2024-12-10T15:29:19.528Z"
    }
},
{
    "model": "sessions.session",
    "pk": "l77n48toh6c3xhj4grpn9h2z4ql9c4rb",
    "fields": {
        "session_data": ".eJxVjEEOgyAQRe8y64ZIGaC67N4zkGEGim2jiejKePfWxI3b_977GzDNC3TbfoNA61LCWtMcBoEONFy2SPxJ4wHkTeNrUjyNyzxEdSjqpFX1k6Tv83QvB4Vq-dds0ZFzmbTJ2Ir1NrH4GE3DzumIqdGNQcdGMlrNWbcx0R299yL-gS3sPy7kOyI:1tEw36:BNhmXa-VFoA9mzFzAyZUG-NYB1wcXq6xqMlbUbvbKrE",
        "expire_date": "2024-12-07T19:44:08.975Z"
    }
},
{
    "model": "sessions.session",
    "pk": "o9ywxzswmtxk9s4gtfcwkri1xlgla8no",
    "fields": {
        "session_data": ".eJxVjEEOgyAQRe8y64ZIGaC67N4zkGEGim2jiejKePfWxI3b_977GzDNC3TbfoNA61LCWtMcBoEONFy2SPxJ4wHkTeNrUjyNyzxEdSjqpFX1k6Tv83QvB4Vq-dds0ZFzmbTJ2Ir1NrH4GE3DzumIqdGNQcdGMlrNWbcx0R299yL-gS3sPy7kOyI:1tI2wK:wEy2SP5UpBjp5N9bAmnPoCyJ3H2V3-inFTzmKCrZF64",
        "expire_date": "2024-12-16T09:42:00.713Z"
    }
},
{
    "model": "sessions.session",
    "pk": "pymmhlkfutqxnorv0u3vc7hcy15bz5k2",
    "fields": {
        "session_data": ".eJxVjEEOwiAQRe_C2pAiA0iX7j1DM8yArRpIoF01vbtt0oVu_3v_rWLAZR6HpcU6TCx6ocTldwtI75gPwC_MzyKp5LlOQR6KPGmTj8Lxcz_dv8CIbdzfZMCitQmVTuDZOBOJXQi6I2tVgNipToMlzQmMoqR8iHgF5xyzu4Hfo4R1Fv26bV8kxjsi:1tEPi2:mkiKQHDszbJTfnPciqQhQvxm5lhR7bgYkcLAbuY9wV4",
        "expire_date": "2024-12-06T09:12:14.308Z"
    }
},
{
    "model": "sessions.session",
    "pk": "rii99rl3skwnioctlrqeiynnxt8hxwe3",
    "fields": {
        "session_data": ".eJxVjEEOwiAQRe_C2pAiA0iX7j1DM8yArRpIoF01vbtt0oVu_3v_rWLAZR6HpcU6TCx6ocTldwtI75gPwC_MzyKp5LlOQR6KPGmTj8Lxcz_dv8CIbdzfZMCitQmVTuDZOBOJXQi6I2tVgNipToMlzQmMoqR8iHgF5xyzu4Hfo4R1Fv26bV8kxjsi:1tEAoz:HT8owtHVI9Hnk02MJXFGkitRwTwoQkvDE03AvwLvzjU",
        "expire_date": "2024-12-05T17:18:25.077Z"
    }
},
{
    "model": "sessions.session",
    "pk": "tpa9guhm8h5ah9pplk9d7scycbvwpkml",
    "fields": {
        "session_data": ".eJxVjEEOgyAQRe8y64ZIGaC67N4zkGEGim2jiejKePfWxI3b_977GzDNC3TbfoNA61LCWtMcBoEONFy2SPxJ4wHkTeNrUjyNyzxEdSjqpFX1k6Tv83QvB4Vq-dds0ZFzmbTJ2Ir1NrH4GE3DzumIqdGNQcdGMlrNWbcx0R299yL-gS3sPy7kOyI:1tJVPf:p8tDuWLY-I0cU-3gnV_vQnUShNJVv4fwl9Ptx3BmEeg",
        "expire_date": "2024-12-20T10:18:19.101Z"
    }
},
{
    "model": "sessions.session",
    "pk": "w230e9h3htcnq0vfg76vmolh13vgr0ro",
    "fields": {
        "session_data": ".eJxVjEEOgyAQRe8y64ZIGaC67N4zkGEGim2jiejKePfWxI3b_977GzDNC3TbfoNA61LCWtMcBoEONFy2SPxJ4wHkTeNrUjyNyzxEdSjqpFX1k6Tv83QvB4Vq-dds0ZFzmbTJ2Ir1NrH4GE3DzumIqdGNQcdGMlrNWbcx0R299yL-gS3sPy7kOyI:1t2Aug:XXxUwbTeRVRPvHYWP2-w-8tSmvci2xW7Ev35d_t1u48",
        "expire_date": "2024-11-02T14:58:42.747Z"
    }
},
{
    "model": "sessions.session",
    "pk": "yfc1msas60ppn5jbonu2eh1ckigoo0cj",
    "fields": {
        "session_data": ".eJxVjEEOwiAQRe_C2pAiA0iX7j1DM8yArRpIoF01vbtt0oVu_3v_rWLAZR6HpcU6TCx6ocTldwtI75gPwC_MzyKp5LlOQR6KPGmTj8Lxcz_dv8CIbdzfZMCitQmVTuDZOBOJXQi6I2tVgNipToMlzQmMoqR8iHgF5xyzu4Hfo4R1Fv26bV8kxjsi:1tD8Sz:p4R1Fs7R4HTdVspAKVebZCO5kJWfOvxGvS7pVr9G_fU",
        "expire_date": "2024-12-02T20:35:25.218Z"
    }
},
{
    "model": "accounts.user",
    "fields": {
        "password": "pbkdf2_sha256$870000$rwbJ46Kw1n6piuQ5enK64V$9H7No6hrZhrHqUou59q357aVYYBF7tOm5I/eGrTKZyM=",
        "last_login": "2024-12-17T20:06:01.627Z",
        "is_superuser": true,
        "first_name": "Alessio",
        "last_name": "Pelusi",
        "is_staff": true,
        "is_active": true,
        "date_joined": "2024-10-04T16:18:34.016Z",
        "email": "root@root.it",
        "groups": [],
        "user_permissions": []
    }
},
{
    "model": "accounts.user",
    "fields": {
        "password": "pbkdf2_sha256$870000$KkLVEqxYiyb94SPLFhN9kG$tUKeljOyy7CEJsnVyDz/JwuFiRzH5x+foihS141kBK4=",
        "last_login": null,
        "is_superuser": false,
        "first_name": "fdas",
        "last_name": "fdasdfsa",
        "is_staff": false,
        "is_active": true,
        "date_joined": "2024-11-18T17:10:36.535Z",
        "email": "fadsjfjsda@a.com",
        "groups": [],
        "user_permissions": []
    }
},
{
    "model": "accounts.user",
    "fields": {
        "password": "pbkdf2_sha256$870000$7anQNyJGGncFO7DDEJ3Ga3$N0V3D4bA0YA5L1XAIgWMb0Jzr8578geVlEHKLWRaaEA=",
        "last_login": null,
        "is_superuser": false,
        "first_name": "fadfads",
        "last_name": "fdsadfksa",
        "is_staff": false,
        "is_active": true,
        "date_joined": "2024-11-18T17:30:08.255Z",
        "email": "cipollone@gmail.com",
        "groups": [],
        "user_permissions": []
    }
},
{
    "model": "accounts.user",
    "fields": {
        "password": "pbkdf2_sha256$870000$6PggZ9VnoJ5b4iaq9YzsMk$mz1Mv2gBqdrHoJux9Z2vNVG3MW5BTXXac/i10Jdag8k=",
        "last_login": "2024-11-18T18:44:10.053Z",
        "is_superuser": false,
        "first_name": "fdasjl",
        "last_name": "fdsjkl",
        "is_staff": false,
        "is_active": true,
        "date_joined": "2024-11-18T18:38:38.969Z",
        "email": "123@gmail.com",
        "groups": [],
        "user_permissions": []
    }
},
{
    "model": "accounts.user",
    "fields": {
        "password": "pbkdf2_sha256$870000$kGGzi0WT1rnPjzNgtm0Zyz$JhJ8B7Z1qtZfZ2aBHCR/Cgzz8fh7FshSYXZpnWBx4D4=",
        "last_login": "2024-11-20T16:07:35.833Z",
        "is_superuser": false,
        "first_name": "1234dfsew",
        "last_name": "fjsadfjdsjkda",
        "is_staff": false,
        "is_active": true,
        "date_joined": "2024-11-20T15:12:03Z",
        "email": "fsj@fajdsk.co",
        "groups": [],
        "user_permissions": []
    }
},
{
    "model": "products.category",
    "pk": 1,
    "fields": {
        "parent": null,
        "name": "Uomo",
        "image": "categories/uomoimage_ljshB9q.jpg",
        "position": 0
    }
},
{
    "model": "products.category",
    "pk": 2,
    "fields": {
        "parent": null,
        "name": "Donna",
        "image": "categories/donnaimage_HMXtWHt.jpg",
        "position": 0
    }
},
{
    "model": "products.category",
    "pk": 3,
    "fields": {
        "parent": null,
        "name": "Bambini",
        "image": "categories/bambiniimage_J9jMj8G.jpg",
        "position": 0
    }
},
{
    "model": "products.category",
    "pk": 4,
    "fields": {
        "parent": 1,
        "name": "Giacche",
        "image": "",
        "position": 0
    }
},
{
    "model": "products.category",
    "pk": 5,
    "fields": {
        "parent": 1,
        "name": "Jeans",
        "image": "",
        "position": 0
    }
},
{
    "model": "products.category",
    "pk": 6,
    "fields": {
        "parent": 5,
        "name": "Bermuda",
        "image": "",
        "position": 0
    }
},
{
    "model": "products.category",
    "pk": 7,
    "fields": {
        "parent": 2,
        "name": "Ski Collection",
        "image": "",
        "position": 0
    }
},
{
    "model": "products.category",
    "pk": 8,
    "fields": {
        "parent": 2,
        "name": "T-Shirt",
        "image": "",
        "position": 0
    }
},
{
    "model": "products.category",
    "pk": 10,
    "fields": {
        "parent": 2,
        "name": "Pantaloni",
        "image": "",
        "position": 0
    }
},
{
    "model": "products.category",
    "pk": 11,
    "fields": {
        "parent": 3,
        "name": "Bambino",
        "image": "",
        "position": 0
    }
},
{
    "model": "products.category",
    "pk": 12,
    "fields": {
        "parent": 3,
        "name": "Bambina",
        "image": "",
        "position": 0
    }
},
{
    "model": "products.category",
    "pk": 13,
    "fields": {
        "parent": 3,
        "name": "Neonato",
        "image": "",
        "position": 0
    }
},
{
    "model": "products.category",
    "pk": 16,
    "fields": {
        "parent": 11,
        "name": "3-7 anni",
        "image": "",
        "position": 0
    }
},
{
    "model": "products.category",
    "pk": 17,
    "fields": {
        "parent": 11,
        "name": "8-16 anni",
        "image": "",
        "position": 0
    }
},
{
    "model": "products.category",
    "pk": 18,
    "fields": {
        "parent": 12,
        "name": "3-7 anni",
        "image": "",
        "position": 0
    }
},
{
    "model": "products.category",
    "pk": 19,
    "fields": {
        "parent": 12,
        "name": "8-16 anni",
        "image": "",
        "position": 0
    }
},
{
    "model": "products.category",
    "pk": 20,
    "fields": {
        "parent": 19,
        "name": "Magliette",
        "image": "",
        "position": 0
    }
},
{
    "model": "products.category",
    "pk": 21,
    "fields": {
        "parent": 1,
        "name": "Maglioni e Cardigan",
        "image": "",
        "position": 0
    }
},
{
    "model": "products.category",
    "pk": 22,
    "fields": {
        "parent": 13,
        "name": "Neonato",
        "image": "",
        "position": 0
    }
},
{
    "model": "products.category",
    "pk": 23,
    "fields": {
        "parent": 13,
        "name": "Neonata",
        "image": "",
        "position": 0
    }
},
{
    "model": "products.category",
    "pk": 24,
    "fields": {
        "parent": 18,
        "name": "Magliette",
        "image": "",
        "position": 0
    }
},
{
    "model": "products.category",
    "pk": 25,
    "fields": {
        "parent": 18,
        "name": "Felpe",
        "image": "",
        "position": 0
    }
},
{
    "model": "products.category",
    "pk": 26,
    "fields": {
        "parent": 19,
        "name": "Felpe",
        "image": "",
        "position": 0
    }
},
{
    "model": "products.discount",
    "pk": 1,
    "fields": {
        "name": "Black Friday",
        "start_date": "2024-11-24T10:08:35Z",
        "end_date": "2025-12-30T23:00:00Z",
        "percentage": 30
    }
},
{
    "model": "products.discount",
    "pk": 2,
    "fields": {
        "name": "Black Friday",
        "start_date": "2024-11-24T11:33:36Z",
        "end_date": "2025-12-30T23:00:00Z",
        "percentage": 20
    }
},
{
    "model": "products.brand",
    "pk": 1,
    "fields": {
        "name": "Zara",
        "image": ""
    }
},
{
    "model": "products.brand",
    "pk": 2,
    "fields": {
        "name": "Adidas",
        "image": ""
    }
},
{
    "model": "products.brand",
    "pk": 3,
    "fields": {
        "name": "Levi's",
        "image": ""
    }
},
{
    "model": "products.brand",
    "pk": 4,
    "fields": {
        "name": "North Sails",
        "image": ""
    }
},
{
    "model": "products.product",
    "pk": 5,
    "fields": {
        "name": "Giubbotto in velluto",
        "description": "Giubbotto regular fit realizzato in velluto elasticizzato. Collo a revers e maniche lunghe. Tasche anteriori a filetto. Chiusura frontale con cerniera.",
        "price": "89.95",
        "is_active": true,
        "created_at": "2024-11-22T09:14:44.289Z",
        "updated_at": "2024-11-22T09:16:35.005Z",
        "discount": null,
        "brand": 1,
        "categories": [
            4
        ]
    }
},
{
    "model": "products.product",
    "pk": 6,
    "fields": {
        "name": "Tuta Water and Wind Protection",
        "description": "Tuta tecnica antivento e impermeabile. Progettata con un tessuto in nano-membrana traspirante ad alte prestazioni, in grado di sopportare un'elevata protezione contro la penetrazione del vento e una pressione massima dell'acqua fino a 9.000 mm.",
        "price": "119.00",
        "is_active": true,
        "created_at": "2024-11-23T18:52:18.588Z",
        "updated_at": "2024-11-23T19:03:18.489Z",
        "discount": null,
        "brand": 1,
        "categories": [
            7
        ]
    }
},
{
    "model": "products.product",
    "pk": 7,
    "fields": {
        "name": "T-Shirt Claudia Schiffer",
        "description": "Peso elevato - vestibilità regular - collo rotondo - lunghezza normale - maniche lunghe\r\nT-shirt realizzata in filato di cotone 100%. Collo rotondo e maniche lunghe. Dettaglio di stampa fotografica Claudia Schiffer (Photo by Jan Welters Licensed by Trunk Archive) sul davanti.",
        "price": "29.95",
        "is_active": true,
        "created_at": "2024-11-23T18:57:30.234Z",
        "updated_at": "2024-11-23T18:59:05.139Z",
        "discount": null,
        "brand": 1,
        "categories": [
            8
        ]
    }
},
{
    "model": "products.product",
    "pk": 8,
    "fields": {
        "name": "Pantaloni dritti effetto pelle",
        "description": "Pantaloni goffrati a vita alta con cinque tasche. Gamba dritta. Chiusura frontale con cerniera, bottone",
        "price": "45.95",
        "is_active": true,
        "created_at": "2024-11-23T19:02:12.957Z",
        "updated_at": "2024-11-23T19:02:32.353Z",
        "discount": null,
        "brand": 1,
        "categories": [
            10
        ]
    }
},
{
    "model": "products.product",
    "pk": 9,
    "fields": {
        "name": "Felpa combinata con scritta",
        "description": "Felpa con cappuccio e maniche lunghe. Finiture a coste. Tasca a marsupio sul davanti. Stampa con scritta sul petto. Fondo con finitura in tessuto jersey. Interno in tessuto garzato, caldo e morbido.",
        "price": "22.95",
        "is_active": true,
        "created_at": "2024-11-23T19:15:52.755Z",
        "updated_at": "2024-11-24T15:10:43.645Z",
        "discount": null,
        "brand": 1,
        "categories": [
            25,
            26
        ]
    }
},
{
    "model": "products.product",
    "pk": 10,
    "fields": {
        "name": "Maglietta numero pizzo",
        "description": "Maglietta con collo rotondo e maniche lunghe. Stampa sulla parte anteriore. Fondo rifinito in pizzo.",
        "price": "12.95",
        "is_active": true,
        "created_at": "2024-11-23T19:27:46.717Z",
        "updated_at": "2024-11-24T14:13:48.402Z",
        "discount": null,
        "brand": 1,
        "categories": [
            20,
            24
        ]
    }
},
{
    "model": "products.product",
    "pk": 11,
    "fields": {
        "name": "Jean Flared Fit",
        "description": "Jeans a campana. Cinque tasche. Effetto slavato. Orlo irregolare. Chiusura frontale con cerniera e bottone.",
        "price": "49.95",
        "is_active": true,
        "created_at": "2024-11-23T19:35:52.424Z",
        "updated_at": "2024-11-23T19:42:32.610Z",
        "discount": null,
        "brand": 1,
        "categories": [
            5
        ]
    }
},
{
    "model": "products.product",
    "pk": 12,
    "fields": {
        "name": "Maglione girocollo in cashmere",
        "description": "SPECIFICHE DEL PRODOTTO:\r\nRicercato senza sforzo e in linea con lo spirito eco-conscious di North Sails. Questo classico maglione girocollo è realizzato in misto cashmere con fibre riciclate, a conferma del nostro impegno nella ricerca di soluzioni che rispettano il pianeta. Il logo ricamato sul petto è la nota iconica North Sails.\r\n\r\nCARATTERISTICHE:\r\n - Made from an eco cashmere blend\r\n - 12 gauge\r\n - Regular fit with crew neck\r\n - Ribbed trims\r\n - Embroidered logo on the chest\r\n\r\nMATERIALI E CURA:\r\n - 35% poliammide\r\n - 30% viscosa\r\n - 30% lana\r\n - 5% cashmere",
        "price": "99.90",
        "is_active": true,
        "created_at": "2024-11-24T10:44:35.385Z",
        "updated_at": "2024-11-26T20:38:50.379Z",
        "discount": 1,
        "brand": 4,
        "categories": [
            21
        ]
    }
},
{
    "model": "products.color",
    "pk": 1,
    "fields": {
        "name": "Red",
        "hex": "FF0000"
    }
},
{
    "model": "products.color",
    "pk": 2,
    "fields": {
        "name": "Green",
        "hex": "00FF00"
    }
},
{
    "model": "products.color",
    "pk": 3,
    "fields": {
        "name": "Blue",
        "hex": "0000FF"
    }
},
{
    "model": "products.color",
    "pk": 5,
    "fields": {
        "name": "Black",
        "hex": "1D1D1D"
    }
},
{
    "model": "products.color",
    "pk": 6,
    "fields": {
        "name": "White",
        "hex": "FFFFFF"
    }
},
{
    "model": "products.color",
    "pk": 8,
    "fields": {
        "name": "Beige",
        "hex": "C2B280"
    }
},
{
    "model": "products.color",
    "pk": 9,
    "fields": {
        "name": "Light Blue",
        "hex": "A2B2BD"
    }
},
{
    "model": "products.color",
    "pk": 10,
    "fields": {
        "name": "Gray",
        "hex": "929292"
    }
},
{
    "model": "products.color",
    "pk": 11,
    "fields": {
        "name": "Kaiki",
        "hex": "806332"
    }
},
{
    "model": "products.color",
    "pk": 14,
    "fields": {
        "name": "Taupe",
        "hex": "766A5E"
    }
},
{
    "model": "products.color",
    "pk": 15,
    "fields": {
        "name": "Army Green",
        "hex": "5d6532"
    }
},
{
    "model": "products.color",
    "pk": 16,
    "fields": {
        "name": "Green Sage",
        "hex": "98A869"
    }
},
{
    "model": "products.color",
    "pk": 17,
    "fields": {
        "name": "Yellow Ocrhe",
        "hex": "F6BE00"
    }
},
{
    "model": "products.color",
    "pk": 18,
    "fields": {
        "name": "China Blue",
        "hex": "365194"
    }
},
{
    "model": "products.color",
    "pk": 19,
    "fields": {
        "name": "Ice",
        "hex": "BDDEEC"
    }
},
{
    "model": "products.color",
    "pk": 20,
    "fields": {
        "name": "Navy Blue",
        "hex": "071236"
    }
},
{
    "model": "products.color",
    "pk": 21,
    "fields": {
        "name": "Medium Gray",
        "hex": "7d7f7c"
    }
},
{
    "model": "products.color",
    "pk": 22,
    "fields": {
        "name": "Orange",
        "hex": "FF7900"
    }
},
{
    "model": "products.size",
    "pk": 1,
    "fields": {
        "name": "S",
        "position": 2
    }
},
{
    "model": "products.size",
    "pk": 2,
    "fields": {
        "name": "M",
        "position": 3
    }
},
{
    "model": "products.size",
    "pk": 3,
    "fields": {
        "name": "L",
        "position": 4
    }
},
{
    "model": "products.size",
    "pk": 4,
    "fields": {
        "name": "XL",
        "position": 5
    }
},
{
    "model": "products.size",
    "pk": 6,
    "fields": {
        "name": "XS",
        "position": 1
    }
},
{
    "model": "products.size",
    "pk": 7,
    "fields": {
        "name": "XXS",
        "position": 0
    }
},
{
    "model": "products.size",
    "pk": 8,
    "fields": {
        "name": "6-7 Anni (120 cm)",
        "position": 9
    }
},
{
    "model": "products.size",
    "pk": 9,
    "fields": {
        "name": "8-9 Anni (130 cm)",
        "position": 10
    }
},
{
    "model": "products.size",
    "pk": 10,
    "fields": {
        "name": "9-10 Anni (140 cm)",
        "position": 11
    }
},
{
    "model": "products.size",
    "pk": 11,
    "fields": {
        "name": "11-12 Anni (152 cm)",
        "position": 12
    }
},
{
    "model": "products.size",
    "pk": 12,
    "fields": {
        "name": "13-14 Anni (164 cm)",
        "position": 13
    }
},
{
    "model": "products.size",
    "pk": 13,
    "fields": {
        "name": "IT 40 (EUR 34)",
        "position": 14
    }
},
{
    "model": "products.size",
    "pk": 14,
    "fields": {
        "name": "IT 42 (EUR 36)",
        "position": 15
    }
},
{
    "model": "products.size",
    "pk": 15,
    "fields": {
        "name": "IT 44 (EUR 38)",
        "position": 16
    }
},
{
    "model": "products.size",
    "pk": 16,
    "fields": {
        "name": "IT 46 (EUR 40)",
        "position": 17
    }
},
{
    "model": "products.size",
    "pk": 17,
    "fields": {
        "name": "IT 48 (EUR 42)",
        "position": 18
    }
},
{
    "model": "products.size",
    "pk": 18,
    "fields": {
        "name": "IT 50 (EUR 44)",
        "position": 19
    }
},
{
    "model": "products.size",
    "pk": 19,
    "fields": {
        "name": "XXL",
        "position": 6
    }
},
{
    "model": "products.size",
    "pk": 20,
    "fields": {
        "name": "3XL",
        "position": 7
    }
},
{
    "model": "products.size",
    "pk": 21,
    "fields": {
        "name": "4XL",
        "position": 8
    }
},
{
    "model": "products.productcolor",
    "pk": 8,
    "fields": {
        "product": 5,
        "color": 5,
        "price": "0.00",
        "discount": null,
        "default": false
    }
},
{
    "model": "products.productcolor",
    "pk": 9,
    "fields": {
        "product": 6,
        "color": 5,
        "price": "0.00",
        "discount": null,
        "default": false
    }
},
{
    "model": "products.productcolor",
    "pk": 10,
    "fields": {
        "product": 7,
        "color": 6,
        "price": "0.00",
        "discount": null,
        "default": false
    }
},
{
    "model": "products.productcolor",
    "pk": 11,
    "fields": {
        "product": 8,
        "color": 5,
        "price": "0.00",
        "discount": null,
        "default": false
    }
},
{
    "model": "products.productcolor",
    "pk": 12,
    "fields": {
        "product": 9,
        "color": 10,
        "price": "0.00",
        "discount": null,
        "default": false
    }
},
{
    "model": "products.productcolor",
    "pk": 13,
    "fields": {
        "product": 10,
        "color": 8,
        "price": "0.00",
        "discount": null,
        "default": false
    }
},
{
    "model": "products.productcolor",
    "pk": 14,
    "fields": {
        "product": 11,
        "color": 9,
        "price": "0.00",
        "discount": null,
        "default": false
    }
},
{
    "model": "products.productcolor",
    "pk": 15,
    "fields": {
        "product": 11,
        "color": 10,
        "price": "0.00",
        "discount": null,
        "default": false
    }
},
{
    "model": "products.productcolor",
    "pk": 16,
    "fields": {
        "product": 11,
        "color": 5,
        "price": "0.00",
        "discount": null,
        "default": false
    }
},
{
    "model": "products.productcolor",
    "pk": 17,
    "fields": {
        "product": 11,
        "color": 11,
        "price": "0.00",
        "discount": null,
        "default": false
    }
},
{
    "model": "products.productcolor",
    "pk": 18,
    "fields": {
        "product": 12,
        "color": 8,
        "price": "0.00",
        "discount": null,
        "default": false
    }
},
{
    "model": "products.productcolor",
    "pk": 19,
    "fields": {
        "product": 12,
        "color": 14,
        "price": "0.00",
        "discount": null,
        "default": false
    }
},
{
    "model": "products.productcolor",
    "pk": 20,
    "fields": {
        "product": 12,
        "color": 15,
        "price": "0.00",
        "discount": null,
        "default": false
    }
},
{
    "model": "products.productcolor",
    "pk": 21,
    "fields": {
        "product": 12,
        "color": 16,
        "price": "0.00",
        "discount": null,
        "default": false
    }
},
{
    "model": "products.productcolor",
    "pk": 22,
    "fields": {
        "product": 12,
        "color": 17,
        "price": "0.00",
        "discount": null,
        "default": false
    }
},
{
    "model": "products.productcolor",
    "pk": 23,
    "fields": {
        "product": 12,
        "color": 22,
        "price": "0.00",
        "discount": null,
        "default": false
    }
},
{
    "model": "products.productcolor",
    "pk": 24,
    "fields": {
        "product": 12,
        "color": 18,
        "price": "0.00",
        "discount": null,
        "default": false
    }
},
{
    "model": "products.productcolor",
    "pk": 25,
    "fields": {
        "product": 12,
        "color": 19,
        "price": "0.00",
        "discount": null,
        "default": false
    }
},
{
    "model": "products.productcolor",
    "pk": 26,
    "fields": {
        "product": 12,
        "color": 20,
        "price": "0.00",
        "discount": 2,
        "default": false
    }
},
{
    "model": "products.productcolor",
    "pk": 27,
    "fields": {
        "product": 12,
        "color": 21,
        "price": "0.00",
        "discount": 2,
        "default": false
    }
},
{
    "model": "products.productimage",
    "pk": 6,
    "fields": {
        "product_color": 8,
        "image": "products/1.jpg",
        "position": 0,
        "default": false
    }
},
{
    "model": "products.productimage",
    "pk": 7,
    "fields": {
        "product_color": 8,
        "image": "products/2.jpg",
        "position": 0,
        "default": false
    }
},
{
    "model": "products.productimage",
    "pk": 8,
    "fields": {
        "product_color": 8,
        "image": "products/3.jpg",
        "position": 0,
        "default": false
    }
},
{
    "model": "products.productimage",
    "pk": 9,
    "fields": {
        "product_color": 8,
        "image": "products/4.jpg",
        "position": 0,
        "default": false
    }
},
{
    "model": "products.productimage",
    "pk": 10,
    "fields": {
        "product_color": 8,
        "image": "products/5.jpg",
        "position": 0,
        "default": false
    }
},
{
    "model": "products.productimage",
    "pk": 11,
    "fields": {
        "product_color": 8,
        "image": "products/6.jpg",
        "position": 0,
        "default": false
    }
},
{
    "model": "products.productimage",
    "pk": 12,
    "fields": {
        "product_color": 8,
        "image": "products/7.jpg",
        "position": 0,
        "default": false
    }
},
{
    "model": "products.productimage",
    "pk": 13,
    "fields": {
        "product_color": 8,
        "image": "products/8.jpg",
        "position": 0,
        "default": false
    }
},
{
    "model": "products.productimage",
    "pk": 14,
    "fields": {
        "product_color": 8,
        "image": "products/9.jpg",
        "position": 0,
        "default": false
    }
},
{
    "model": "products.productimage",
    "pk": 15,
    "fields": {
        "product_color": 9,
        "image": "products/1_BwQsvdQ.jpg",
        "position": 0,
        "default": false
    }
},
{
    "model": "products.productimage",
    "pk": 16,
    "fields": {
        "product_color": 9,
        "image": "products/2_yKOT3jX.jpg",
        "position": 0,
        "default": false
    }
},
{
    "model": "products.productimage",
    "pk": 17,
    "fields": {
        "product_color": 9,
        "image": "products/3_AH8RBE6.jpg",
        "position": 0,
        "default": false
    }
},
{
    "model": "products.productimage",
    "pk": 18,
    "fields": {
        "product_color": 9,
        "image": "products/4_kzlZ3oK.jpg",
        "position": 0,
        "default": false
    }
},
{
    "model": "products.productimage",
    "pk": 19,
    "fields": {
        "product_color": 9,
        "image": "products/5_YhHcKGL.jpg",
        "position": 0,
        "default": false
    }
},
{
    "model": "products.productimage",
    "pk": 20,
    "fields": {
        "product_color": 9,
        "image": "products/6_lW7deUW.jpg",
        "position": 0,
        "default": false
    }
},
{
    "model": "products.productimage",
    "pk": 21,
    "fields": {
        "product_color": 9,
        "image": "products/7_Gwim8Tp.jpg",
        "position": 0,
        "default": false
    }
},
{
    "model": "products.productimage",
    "pk": 22,
    "fields": {
        "product_color": 9,
        "image": "products/8_sY9DNQa.jpg",
        "position": 0,
        "default": false
    }
},
{
    "model": "products.productimage",
    "pk": 23,
    "fields": {
        "product_color": 10,
        "image": "products/1_vA2DUih.jpg",
        "position": 0,
        "default": false
    }
},
{
    "model": "products.productimage",
    "pk": 24,
    "fields": {
        "product_color": 10,
        "image": "products/2_EWwoJvN.jpg",
        "position": 0,
        "default": false
    }
},
{
    "model": "products.productimage",
    "pk": 25,
    "fields": {
        "product_color": 10,
        "image": "products/3_1AuXcOh.jpg",
        "position": 0,
        "default": false
    }
},
{
    "model": "products.productimage",
    "pk": 26,
    "fields": {
        "product_color": 10,
        "image": "products/4_XwYxvB3.jpg",
        "position": 0,
        "default": false
    }
},
{
    "model": "products.productimage",
    "pk": 27,
    "fields": {
        "product_color": 10,
        "image": "products/5_6Ogw6K2.jpg",
        "position": 0,
        "default": false
    }
},
{
    "model": "products.productimage",
    "pk": 28,
    "fields": {
        "product_color": 10,
        "image": "products/6_WbKqS6p.jpg",
        "position": 0,
        "default": false
    }
},
{
    "model": "products.productimage",
    "pk": 29,
    "fields": {
        "product_color": 11,
        "image": "products/1_Y6TLGLp.jpg",
        "position": 0,
        "default": false
    }
},
{
    "model": "products.productimage",
    "pk": 30,
    "fields": {
        "product_color": 11,
        "image": "products/2_6qIVxt8.jpg",
        "position": 0,
        "default": false
    }
},
{
    "model": "products.productimage",
    "pk": 31,
    "fields": {
        "product_color": 11,
        "image": "products/3_G4DuHIz.jpg",
        "position": 0,
        "default": false
    }
},
{
    "model": "products.productimage",
    "pk": 32,
    "fields": {
        "product_color": 11,
        "image": "products/4_EbiKFGB.jpg",
        "position": 0,
        "default": false
    }
},
{
    "model": "products.productimage",
    "pk": 33,
    "fields": {
        "product_color": 12,
        "image": "products/1_fYtZDuS.jpg",
        "position": 0,
        "default": false
    }
},
{
    "model": "products.productimage",
    "pk": 34,
    "fields": {
        "product_color": 12,
        "image": "products/2_esAmwbZ.jpg",
        "position": 0,
        "default": false
    }
},
{
    "model": "products.productimage",
    "pk": 35,
    "fields": {
        "product_color": 12,
        "image": "products/3_dQD5UNx.jpg",
        "position": 0,
        "default": false
    }
},
{
    "model": "products.productimage",
    "pk": 36,
    "fields": {
        "product_color": 12,
        "image": "products/4_1vdfTUI.jpg",
        "position": 0,
        "default": false
    }
},
{
    "model": "products.productimage",
    "pk": 37,
    "fields": {
        "product_color": 13,
        "image": "products/1_hG2VwT4.jpg",
        "position": 0,
        "default": false
    }
},
{
    "model": "products.productimage",
    "pk": 38,
    "fields": {
        "product_color": 13,
        "image": "products/2_WkS5Dqp.jpg",
        "position": 0,
        "default": false
    }
},
{
    "model": "products.productimage",
    "pk": 39,
    "fields": {
        "product_color": 13,
        "image": "products/3_X20n4eu.jpg",
        "position": 0,
        "default": false
    }
},
{
    "model": "products.productimage",
    "pk": 40,
    "fields": {
        "product_color": 13,
        "image": "products/4_1FAOdOS.jpg",
        "position": 0,
        "default": false
    }
},
{
    "model": "products.productimage",
    "pk": 41,
    "fields": {
        "product_color": 14,
        "image": "products/1_6jn49NO.jpg",
        "position": 0,
        "default": false
    }
},
{
    "model": "products.productimage",
    "pk": 42,
    "fields": {
        "product_color": 14,
        "image": "products/2_2hruC1J.jpg",
        "position": 0,
        "default": false
    }
},
{
    "model": "products.productimage",
    "pk": 43,
    "fields": {
        "product_color": 14,
        "image": "products/3_O857UIX.jpg",
        "position": 0,
        "default": false
    }
},
{
    "model": "products.productimage",
    "pk": 44,
    "fields": {
        "product_color": 14,
        "image": "products/4_GcKnzzX.jpg",
        "position": 0,
        "default": false
    }
},
{
    "model": "products.productimage",
    "pk": 45,
    "fields": {
        "product_color": 14,
        "image": "products/5_7ajJZis.jpg",
        "position": 0,
        "default": false
    }
},
{
    "model": "products.productimage",
    "pk": 46,
    "fields": {
        "product_color": 14,
        "image": "products/6_NpwMzgE.jpg",
        "position": 0,
        "default": false
    }
},
{
    "model": "products.productimage",
    "pk": 47,
    "fields": {
        "product_color": 14,
        "image": "products/7_DCMrgjH.jpg",
        "position": 0,
        "default": false
    }
},
{
    "model": "products.productimage",
    "pk": 48,
    "fields": {
        "product_color": 14,
        "image": "products/8_xC0ojR4.jpg",
        "position": 0,
        "default": false
    }
},
{
    "model": "products.productimage",
    "pk": 49,
    "fields": {
        "product_color": 14,
        "image": "products/9_tbhHYPd.jpg",
        "position": 0,
        "default": false
    }
},
{
    "model": "products.productimage",
    "pk": 50,
    "fields": {
        "product_color": 15,
        "image": "products/1_qxqyJmR.jpg",
        "position": 0,
        "default": false
    }
},
{
    "model": "products.productimage",
    "pk": 51,
    "fields": {
        "product_color": 15,
        "image": "products/2_vq6WwyZ.jpg",
        "position": 0,
        "default": false
    }
},
{
    "model": "products.productimage",
    "pk": 52,
    "fields": {
        "product_color": 15,
        "image": "products/3_TOwzdwG.jpg",
        "position": 0,
        "default": false
    }
},
{
    "model": "products.productimage",
    "pk": 53,
    "fields": {
        "product_color": 15,
        "image": "products/4_LSMssHr.jpg",
        "position": 0,
        "default": false
    }
},
{
    "model": "products.productimage",
    "pk": 54,
    "fields": {
        "product_color": 15,
        "image": "products/5_5XIe7vA.jpg",
        "position": 0,
        "default": false
    }
},
{
    "model": "products.productimage",
    "pk": 55,
    "fields": {
        "product_color": 15,
        "image": "products/6_p0FyMt9.jpg",
        "position": 0,
        "default": false
    }
},
{
    "model": "products.productimage",
    "pk": 56,
    "fields": {
        "product_color": 15,
        "image": "products/7_ETTnXUG.jpg",
        "position": 0,
        "default": false
    }
},
{
    "model": "products.productimage",
    "pk": 57,
    "fields": {
        "product_color": 15,
        "image": "products/8_fHvBJzF.jpg",
        "position": 0,
        "default": false
    }
},
{
    "model": "products.productimage",
    "pk": 58,
    "fields": {
        "product_color": 15,
        "image": "products/9_P1SISnk.jpg",
        "position": 0,
        "default": false
    }
},
{
    "model": "products.productimage",
    "pk": 59,
    "fields": {
        "product_color": 16,
        "image": "products/1_SgcC8ak.jpg",
        "position": 0,
        "default": false
    }
},
{
    "model": "products.productimage",
    "pk": 60,
    "fields": {
        "product_color": 16,
        "image": "products/2_rcHrkdH.jpg",
        "position": 0,
        "default": false
    }
},
{
    "model": "products.productimage",
    "pk": 61,
    "fields": {
        "product_color": 16,
        "image": "products/3_km7eFc1.jpg",
        "position": 0,
        "default": false
    }
},
{
    "model": "products.productimage",
    "pk": 62,
    "fields": {
        "product_color": 16,
        "image": "products/4_9GTRb4q.jpg",
        "position": 0,
        "default": false
    }
},
{
    "model": "products.productimage",
    "pk": 63,
    "fields": {
        "product_color": 16,
        "image": "products/5_Sz00fQW.jpg",
        "position": 0,
        "default": false
    }
},
{
    "model": "products.productimage",
    "pk": 64,
    "fields": {
        "product_color": 16,
        "image": "products/6_7oh55X1.jpg",
        "position": 0,
        "default": false
    }
},
{
    "model": "products.productimage",
    "pk": 65,
    "fields": {
        "product_color": 16,
        "image": "products/7_6QJ72AK.jpg",
        "position": 0,
        "default": false
    }
},
{
    "model": "products.productimage",
    "pk": 66,
    "fields": {
        "product_color": 16,
        "image": "products/8_UC2CcJa.jpg",
        "position": 0,
        "default": false
    }
},
{
    "model": "products.productimage",
    "pk": 67,
    "fields": {
        "product_color": 16,
        "image": "products/9_FJOINBs.jpg",
        "position": 0,
        "default": false
    }
},
{
    "model": "products.productimage",
    "pk": 68,
    "fields": {
        "product_color": 18,
        "image": "products/1.webp",
        "position": 0,
        "default": false
    }
},
{
    "model": "products.productimage",
    "pk": 69,
    "fields": {
        "product_color": 18,
        "image": "products/2.webp",
        "position": 0,
        "default": false
    }
},
{
    "model": "products.productimage",
    "pk": 70,
    "fields": {
        "product_color": 18,
        "image": "products/3.webp",
        "position": 0,
        "default": false
    }
},
{
    "model": "products.productimage",
    "pk": 71,
    "fields": {
        "product_color": 18,
        "image": "products/4.webp",
        "position": 0,
        "default": false
    }
},
{
    "model": "products.productimage",
    "pk": 72,
    "fields": {
        "product_color": 18,
        "image": "products/5.webp",
        "position": 0,
        "default": false
    }
},
{
    "model": "products.productimage",
    "pk": 73,
    "fields": {
        "product_color": 18,
        "image": "products/6.webp",
        "position": 0,
        "default": false
    }
},
{
    "model": "products.productimage",
    "pk": 74,
    "fields": {
        "product_color": 19,
        "image": "products/1_srvQGXL.webp",
        "position": 0,
        "default": false
    }
},
{
    "model": "products.productimage",
    "pk": 75,
    "fields": {
        "product_color": 19,
        "image": "products/2_IfcoEkh.webp",
        "position": 0,
        "default": false
    }
},
{
    "model": "products.productimage",
    "pk": 76,
    "fields": {
        "product_color": 19,
        "image": "products/3_pcIDvOy.webp",
        "position": 0,
        "default": false
    }
},
{
    "model": "products.productimage",
    "pk": 77,
    "fields": {
        "product_color": 19,
        "image": "products/4_flk786R.webp",
        "position": 0,
        "default": false
    }
},
{
    "model": "products.productimage",
    "pk": 78,
    "fields": {
        "product_color": 19,
        "image": "products/5_Jpt2Ayo.jpg",
        "position": 0,
        "default": false
    }
},
{
    "model": "products.productimage",
    "pk": 79,
    "fields": {
        "product_color": 19,
        "image": "products/6_8mHC7c8.webp",
        "position": 0,
        "default": false
    }
},
{
    "model": "products.productimage",
    "pk": 80,
    "fields": {
        "product_color": 20,
        "image": "products/1_Yk1QhVE.webp",
        "position": 0,
        "default": false
    }
},
{
    "model": "products.productimage",
    "pk": 81,
    "fields": {
        "product_color": 21,
        "image": "products/1_Fc3yDBC.webp",
        "position": 0,
        "default": false
    }
},
{
    "model": "products.productimage",
    "pk": 82,
    "fields": {
        "product_color": 21,
        "image": "products/2_LuJAUlD.webp",
        "position": 0,
        "default": false
    }
},
{
    "model": "products.productimage",
    "pk": 83,
    "fields": {
        "product_color": 21,
        "image": "products/3_4ShJQOA.webp",
        "position": 0,
        "default": false
    }
},
{
    "model": "products.productimage",
    "pk": 84,
    "fields": {
        "product_color": 21,
        "image": "products/4_21VeBnA.webp",
        "position": 0,
        "default": false
    }
},
{
    "model": "products.productimage",
    "pk": 85,
    "fields": {
        "product_color": 21,
        "image": "products/5_nhKTiah.jpg",
        "position": 0,
        "default": false
    }
},
{
    "model": "products.productimage",
    "pk": 86,
    "fields": {
        "product_color": 21,
        "image": "products/6_izBH5Gp.webp",
        "position": 0,
        "default": false
    }
},
{
    "model": "products.productimage",
    "pk": 87,
    "fields": {
        "product_color": 22,
        "image": "products/1_YuiSLR8.webp",
        "position": 0,
        "default": false
    }
},
{
    "model": "products.productimage",
    "pk": 88,
    "fields": {
        "product_color": 22,
        "image": "products/2_VWzUez2.webp",
        "position": 0,
        "default": false
    }
},
{
    "model": "products.productimage",
    "pk": 89,
    "fields": {
        "product_color": 22,
        "image": "products/3_UGOc6rr.webp",
        "position": 0,
        "default": false
    }
},
{
    "model": "products.productimage",
    "pk": 90,
    "fields": {
        "product_color": 22,
        "image": "products/4_uaAUAQ7.jpg",
        "position": 0,
        "default": false
    }
},
{
    "model": "products.productimage",
    "pk": 91,
    "fields": {
        "product_color": 22,
        "image": "products/5_KVX9i4H.webp",
        "position": 0,
        "default": false
    }
},
{
    "model": "products.productimage",
    "pk": 92,
    "fields": {
        "product_color": 23,
        "image": "products/1_YvDASVu.webp",
        "position": 0,
        "default": false
    }
},
{
    "model": "products.productimage",
    "pk": 93,
    "fields": {
        "product_color": 23,
        "image": "products/2_z5yMI7o.webp",
        "position": 0,
        "default": false
    }
},
{
    "model": "products.productimage",
    "pk": 94,
    "fields": {
        "product_color": 23,
        "image": "products/3_w4fPy0f.webp",
        "position": 0,
        "default": false
    }
},
{
    "model": "products.productimage",
    "pk": 95,
    "fields": {
        "product_color": 23,
        "image": "products/4_nudsxHc.webp",
        "position": 0,
        "default": false
    }
},
{
    "model": "products.productimage",
    "pk": 96,
    "fields": {
        "product_color": 23,
        "image": "products/5_toVgjAb.webp",
        "position": 0,
        "default": false
    }
},
{
    "model": "products.productimage",
    "pk": 97,
    "fields": {
        "product_color": 23,
        "image": "products/6_eIUd39b.webp",
        "position": 0,
        "default": false
    }
},
{
    "model": "products.productimage",
    "pk": 98,
    "fields": {
        "product_color": 24,
        "image": "products/1_d6qbJ8a.webp",
        "position": 0,
        "default": false
    }
},
{
    "model": "products.productimage",
    "pk": 99,
    "fields": {
        "product_color": 24,
        "image": "products/2_Ws9gJhV.webp",
        "position": 0,
        "default": false
    }
},
{
    "model": "products.productimage",
    "pk": 100,
    "fields": {
        "product_color": 24,
        "image": "products/3_FmtJFfM.webp",
        "position": 0,
        "default": false
    }
},
{
    "model": "products.productimage",
    "pk": 101,
    "fields": {
        "product_color": 24,
        "image": "products/4_V6NLyF2.webp",
        "position": 0,
        "default": false
    }
},
{
    "model": "products.productimage",
    "pk": 102,
    "fields": {
        "product_color": 24,
        "image": "products/5_rBmGaQF.webp",
        "position": 0,
        "default": false
    }
},
{
    "model": "products.productimage",
    "pk": 103,
    "fields": {
        "product_color": 24,
        "image": "products/6_KOleDZc.webp",
        "position": 0,
        "default": false
    }
},
{
    "model": "products.productimage",
    "pk": 104,
    "fields": {
        "product_color": 25,
        "image": "products/1_Y3dTp7Q.webp",
        "position": 0,
        "default": false
    }
},
{
    "model": "products.productimage",
    "pk": 105,
    "fields": {
        "product_color": 25,
        "image": "products/2_SGizHrv.webp",
        "position": 0,
        "default": false
    }
},
{
    "model": "products.productimage",
    "pk": 106,
    "fields": {
        "product_color": 25,
        "image": "products/3_XaAKAnM.webp",
        "position": 0,
        "default": false
    }
},
{
    "model": "products.productimage",
    "pk": 107,
    "fields": {
        "product_color": 25,
        "image": "products/4_f9ONwj2.webp",
        "position": 0,
        "default": false
    }
},
{
    "model": "products.productimage",
    "pk": 108,
    "fields": {
        "product_color": 25,
        "image": "products/5_VGh0qKf.webp",
        "position": 0,
        "default": false
    }
},
{
    "model": "products.productimage",
    "pk": 109,
    "fields": {
        "product_color": 25,
        "image": "products/6_Ce46GWR.webp",
        "position": 0,
        "default": false
    }
},
{
    "model": "products.productimage",
    "pk": 110,
    "fields": {
        "product_color": 26,
        "image": "products/1_V2bfPst.webp",
        "position": 0,
        "default": false
    }
},
{
    "model": "products.productimage",
    "pk": 111,
    "fields": {
        "product_color": 26,
        "image": "products/2_O78IM22.webp",
        "position": 0,
        "default": false
    }
},
{
    "model": "products.productimage",
    "pk": 112,
    "fields": {
        "product_color": 26,
        "image": "products/3_AH3COZP.webp",
        "position": 0,
        "default": false
    }
},
{
    "model": "products.productimage",
    "pk": 113,
    "fields": {
        "product_color": 26,
        "image": "products/4_VwzWset.webp",
        "position": 0,
        "default": false
    }
},
{
    "model": "products.productimage",
    "pk": 114,
    "fields": {
        "product_color": 26,
        "image": "products/5_XXTjeWi.webp",
        "position": 0,
        "default": false
    }
},
{
    "model": "products.productimage",
    "pk": 115,
    "fields": {
        "product_color": 26,
        "image": "products/6_R2aS9gC.webp",
        "position": 0,
        "default": false
    }
},
{
    "model": "products.productimage",
    "pk": 116,
    "fields": {
        "product_color": 27,
        "image": "products/1_1mK3kfq.webp",
        "position": 0,
        "default": false
    }
},
{
    "model": "products.productimage",
    "pk": 117,
    "fields": {
        "product_color": 27,
        "image": "products/2_cZxTxSe.webp",
        "position": 0,
        "default": false
    }
},
{
    "model": "products.productimage",
    "pk": 118,
    "fields": {
        "product_color": 27,
        "image": "products/3_2VHx3Tz.webp",
        "position": 0,
        "default": false
    }
},
{
    "model": "products.productimage",
    "pk": 119,
    "fields": {
        "product_color": 27,
        "image": "products/4_TAWbWw6.webp",
        "position": 0,
        "default": false
    }
},
{
    "model": "products.productimage",
    "pk": 120,
    "fields": {
        "product_color": 27,
        "image": "products/5_qnVQRtw.jpg",
        "position": 0,
        "default": false
    }
},
{
    "model": "products.productimage",
    "pk": 121,
    "fields": {
        "product_color": 27,
        "image": "products/6_Cb5qAmM.webp",
        "position": 0,
        "default": false
    }
},
{
    "model": "products.productvariant",
    "pk": 16,
    "fields": {
        "product_color": 8,
        "size": 1,
        "price": "0.00",
        "discount": null,
        "stock": 12
    }
},
{
    "model": "products.productvariant",
    "pk": 17,
    "fields": {
        "product_color": 8,
        "size": 2,
        "price": "0.00",
        "discount": null,
        "stock": 8
    }
},
{
    "model": "products.productvariant",
    "pk": 18,
    "fields": {
        "product_color": 8,
        "size": 3,
        "price": "0.00",
        "discount": null,
        "stock": 7
    }
},
{
    "model": "products.productvariant",
    "pk": 19,
    "fields": {
        "product_color": 8,
        "size": 4,
        "price": "0.00",
        "discount": null,
        "stock": 11
    }
},
{
    "model": "products.productvariant",
    "pk": 20,
    "fields": {
        "product_color": 9,
        "size": 6,
        "price": "0.00",
        "discount": null,
        "stock": 5
    }
},
{
    "model": "products.productvariant",
    "pk": 21,
    "fields": {
        "product_color": 9,
        "size": 1,
        "price": "0.00",
        "discount": null,
        "stock": 7
    }
},
{
    "model": "products.productvariant",
    "pk": 22,
    "fields": {
        "product_color": 9,
        "size": 2,
        "price": "0.00",
        "discount": null,
        "stock": 0
    }
},
{
    "model": "products.productvariant",
    "pk": 23,
    "fields": {
        "product_color": 9,
        "size": 3,
        "price": "0.00",
        "discount": null,
        "stock": 0
    }
},
{
    "model": "products.productvariant",
    "pk": 24,
    "fields": {
        "product_color": 10,
        "size": 1,
        "price": "0.00",
        "discount": null,
        "stock": 0
    }
},
{
    "model": "products.productvariant",
    "pk": 25,
    "fields": {
        "product_color": 10,
        "size": 2,
        "price": "0.00",
        "discount": null,
        "stock": 3
    }
},
{
    "model": "products.productvariant",
    "pk": 26,
    "fields": {
        "product_color": 10,
        "size": 3,
        "price": "0.00",
        "discount": null,
        "stock": 12
    }
},
{
    "model": "products.productvariant",
    "pk": 27,
    "fields": {
        "product_color": 10,
        "size": 4,
        "price": "0.00",
        "discount": null,
        "stock": 18
    }
},
{
    "model": "products.productvariant",
    "pk": 28,
    "fields": {
        "product_color": 11,
        "size": 6,
        "price": "0.00",
        "discount": null,
        "stock": 10
    }
},
{
    "model": "products.productvariant",
    "pk": 29,
    "fields": {
        "product_color": 11,
        "size": 1,
        "price": "0.00",
        "discount": null,
        "stock": 2
    }
},
{
    "model": "products.productvariant",
    "pk": 30,
    "fields": {
        "product_color": 11,
        "size": 2,
        "price": "0.00",
        "discount": null,
        "stock": 5
    }
},
{
    "model": "products.productvariant",
    "pk": 31,
    "fields": {
        "product_color": 11,
        "size": 3,
        "price": "0.00",
        "discount": null,
        "stock": 0
    }
},
{
    "model": "products.productvariant",
    "pk": 32,
    "fields": {
        "product_color": 11,
        "size": 4,
        "price": "0.00",
        "discount": null,
        "stock": 0
    }
},
{
    "model": "products.productvariant",
    "pk": 33,
    "fields": {
        "product_color": 9,
        "size": 7,
        "price": "0.00",
        "discount": null,
        "stock": 0
    }
},
{
    "model": "products.productvariant",
    "pk": 34,
    "fields": {
        "product_color": 12,
        "size": 8,
        "price": "0.00",
        "discount": null,
        "stock": 1
    }
},
{
    "model": "products.productvariant",
    "pk": 35,
    "fields": {
        "product_color": 12,
        "size": 9,
        "price": "0.00",
        "discount": null,
        "stock": 2
    }
},
{
    "model": "products.productvariant",
    "pk": 36,
    "fields": {
        "product_color": 12,
        "size": 10,
        "price": "0.00",
        "discount": null,
        "stock": 3
    }
},
{
    "model": "products.productvariant",
    "pk": 37,
    "fields": {
        "product_color": 12,
        "size": 11,
        "price": "0.00",
        "discount": null,
        "stock": 2
    }
},
{
    "model": "products.productvariant",
    "pk": 38,
    "fields": {
        "product_color": 12,
        "size": 12,
        "price": "0.00",
        "discount": null,
        "stock": 1
    }
},
{
    "model": "products.productvariant",
    "pk": 39,
    "fields": {
        "product_color": 13,
        "size": 8,
        "price": "0.00",
        "discount": null,
        "stock": 2
    }
},
{
    "model": "products.productvariant",
    "pk": 40,
    "fields": {
        "product_color": 13,
        "size": 9,
        "price": "0.00",
        "discount": null,
        "stock": 0
    }
},
{
    "model": "products.productvariant",
    "pk": 41,
    "fields": {
        "product_color": 13,
        "size": 10,
        "price": "0.00",
        "discount": null,
        "stock": 2
    }
},
{
    "model": "products.productvariant",
    "pk": 42,
    "fields": {
        "product_color": 13,
        "size": 11,
        "price": "0.00",
        "discount": null,
        "stock": 0
    }
},
{
    "model": "products.productvariant",
    "pk": 43,
    "fields": {
        "product_color": 13,
        "size": 12,
        "price": "0.00",
        "discount": null,
        "stock": 6
    }
},
{
    "model": "products.productvariant",
    "pk": 44,
    "fields": {
        "product_color": 14,
        "size": 13,
        "price": "0.00",
        "discount": null,
        "stock": 3
    }
},
{
    "model": "products.productvariant",
    "pk": 45,
    "fields": {
        "product_color": 14,
        "size": 14,
        "price": "0.00",
        "discount": null,
        "stock": 5
    }
},
{
    "model": "products.productvariant",
    "pk": 46,
    "fields": {
        "product_color": 14,
        "size": 15,
        "price": "0.00",
        "discount": null,
        "stock": 2
    }
},
{
    "model": "products.productvariant",
    "pk": 47,
    "fields": {
        "product_color": 14,
        "size": 16,
        "price": "0.00",
        "discount": null,
        "stock": 0
    }
},
{
    "model": "products.productvariant",
    "pk": 48,
    "fields": {
        "product_color": 14,
        "size": 17,
        "price": "0.00",
        "discount": null,
        "stock": 7
    }
},
{
    "model": "products.productvariant",
    "pk": 49,
    "fields": {
        "product_color": 14,
        "size": 18,
        "price": "0.00",
        "discount": null,
        "stock": 3
    }
},
{
    "model": "products.productvariant",
    "pk": 50,
    "fields": {
        "product_color": 15,
        "size": 13,
        "price": "0.00",
        "discount": null,
        "stock": 2
    }
},
{
    "model": "products.productvariant",
    "pk": 51,
    "fields": {
        "product_color": 15,
        "size": 14,
        "price": "0.00",
        "discount": null,
        "stock": 6
    }
},
{
    "model": "products.productvariant",
    "pk": 52,
    "fields": {
        "product_color": 15,
        "size": 15,
        "price": "0.00",
        "discount": null,
        "stock": 4
    }
},
{
    "model": "products.productvariant",
    "pk": 53,
    "fields": {
        "product_color": 15,
        "size": 16,
        "price": "0.00",
        "discount": null,
        "stock": 0
    }
},
{
    "model": "products.productvariant",
    "pk": 54,
    "fields": {
        "product_color": 15,
        "size": 17,
        "price": "0.00",
        "discount": null,
        "stock": 2
    }
},
{
    "model": "products.productvariant",
    "pk": 55,
    "fields": {
        "product_color": 15,
        "size": 18,
        "price": "0.00",
        "discount": null,
        "stock": 1
    }
},
{
    "model": "products.productvariant",
    "pk": 56,
    "fields": {
        "product_color": 16,
        "size": 14,
        "price": "0.00",
        "discount": null,
        "stock": 9
    }
},
{
    "model": "products.productvariant",
    "pk": 57,
    "fields": {
        "product_color": 16,
        "size": 15,
        "price": "0.00",
        "discount": null,
        "stock": 6
    }
},
{
    "model": "products.productvariant",
    "pk": 58,
    "fields": {
        "product_color": 16,
        "size": 16,
        "price": "0.00",
        "discount": null,
        "stock": 5
    }
},
{
    "model": "products.productvariant",
    "pk": 59,
    "fields": {
        "product_color": 16,
        "size": 17,
        "price": "0.00",
        "discount": null,
        "stock": 3
    }
},
{
    "model": "products.productvariant",
    "pk": 60,
    "fields": {
        "product_color": 16,
        "size": 18,
        "price": "0.00",
        "discount": null,
        "stock": 2
    }
},
{
    "model": "products.productvariant",
    "pk": 61,
    "fields": {
        "product_color": 17,
        "size": 14,
        "price": "0.00",
        "discount": null,
        "stock": 0
    }
},
{
    "model": "products.productvariant",
    "pk": 62,
    "fields": {
        "product_color": 17,
        "size": 15,
        "price": "0.00",
        "discount": null,
        "stock": 3
    }
},
{
    "model": "products.productvariant",
    "pk": 63,
    "fields": {
        "product_color": 17,
        "size": 16,
        "price": "0.00",
        "discount": null,
        "stock": 2
    }
},
{
    "model": "products.productvariant",
    "pk": 64,
    "fields": {
        "product_color": 17,
        "size": 17,
        "price": "0.00",
        "discount": null,
        "stock": 7
    }
},
{
    "model": "products.productvariant",
    "pk": 65,
    "fields": {
        "product_color": 17,
        "size": 18,
        "price": "0.00",
        "discount": null,
        "stock": 5
    }
},
{
    "model": "products.productvariant",
    "pk": 66,
    "fields": {
        "product_color": 18,
        "size": 1,
        "price": "0.00",
        "discount": null,
        "stock": 0
    }
},
{
    "model": "products.productvariant",
    "pk": 67,
    "fields": {
        "product_color": 18,
        "size": 2,
        "price": "0.00",
        "discount": null,
        "stock": 2
    }
},
{
    "model": "products.productvariant",
    "pk": 68,
    "fields": {
        "product_color": 18,
        "size": 3,
        "price": "0.00",
        "discount": null,
        "stock": 4
    }
},
{
    "model": "products.productvariant",
    "pk": 69,
    "fields": {
        "product_color": 18,
        "size": 4,
        "price": "0.00",
        "discount": null,
        "stock": 3
    }
},
{
    "model": "products.productvariant",
    "pk": 70,
    "fields": {
        "product_color": 18,
        "size": 19,
        "price": "0.00",
        "discount": null,
        "stock": 1
    }
},
{
    "model": "products.productvariant",
    "pk": 71,
    "fields": {
        "product_color": 18,
        "size": 20,
        "price": "0.00",
        "discount": null,
        "stock": 0
    }
},
{
    "model": "products.productvariant",
    "pk": 72,
    "fields": {
        "product_color": 18,
        "size": 21,
        "price": "0.00",
        "discount": null,
        "stock": 2
    }
},
{
    "model": "products.productvariant",
    "pk": 73,
    "fields": {
        "product_color": 19,
        "size": 1,
        "price": "0.00",
        "discount": null,
        "stock": 0
    }
},
{
    "model": "products.productvariant",
    "pk": 74,
    "fields": {
        "product_color": 19,
        "size": 2,
        "price": "0.00",
        "discount": null,
        "stock": 0
    }
},
{
    "model": "products.productvariant",
    "pk": 75,
    "fields": {
        "product_color": 19,
        "size": 3,
        "price": "0.00",
        "discount": null,
        "stock": 2
    }
},
{
    "model": "products.productvariant",
    "pk": 76,
    "fields": {
        "product_color": 19,
        "size": 4,
        "price": "0.00",
        "discount": null,
        "stock": 3
    }
},
{
    "model": "products.productvariant",
    "pk": 77,
    "fields": {
        "product_color": 19,
        "size": 19,
        "price": "0.00",
        "discount": null,
        "stock": 1
    }
},
{
    "model": "products.productvariant",
    "pk": 78,
    "fields": {
        "product_color": 19,
        "size": 20,
        "price": "0.00",
        "discount": null,
        "stock": 0
    }
},
{
    "model": "products.productvariant",
    "pk": 79,
    "fields": {
        "product_color": 19,
        "size": 21,
        "price": "0.00",
        "discount": null,
        "stock": 1
    }
},
{
    "model": "products.productvariant",
    "pk": 80,
    "fields": {
        "product_color": 20,
        "size": 1,
        "price": "0.00",
        "discount": null,
        "stock": 5
    }
},
{
    "model": "products.productvariant",
    "pk": 81,
    "fields": {
        "product_color": 20,
        "size": 2,
        "price": "0.00",
        "discount": null,
        "stock": 5
    }
},
{
    "model": "products.productvariant",
    "pk": 82,
    "fields": {
        "product_color": 20,
        "size": 3,
        "price": "0.00",
        "discount": null,
        "stock": 4
    }
},
{
    "model": "products.productvariant",
    "pk": 83,
    "fields": {
        "product_color": 20,
        "size": 4,
        "price": "0.00",
        "discount": null,
        "stock": 7
    }
},
{
    "model": "products.productvariant",
    "pk": 84,
    "fields": {
        "product_color": 20,
        "size": 19,
        "price": "0.00",
        "discount": null,
        "stock": 6
    }
},
{
    "model": "products.productvariant",
    "pk": 85,
    "fields": {
        "product_color": 20,
        "size": 20,
        "price": "0.00",
        "discount": null,
        "stock": 8
    }
},
{
    "model": "products.productvariant",
    "pk": 86,
    "fields": {
        "product_color": 20,
        "size": 21,
        "price": "0.00",
        "discount": null,
        "stock": 4
    }
},
{
    "model": "products.productvariant",
    "pk": 87,
    "fields": {
        "product_color": 21,
        "size": 1,
        "price": "0.00",
        "discount": null,
        "stock": 0
    }
},
{
    "model": "products.productvariant",
    "pk": 88,
    "fields": {
        "product_color": 21,
        "size": 2,
        "price": "0.00",
        "discount": null,
        "stock": 4
    }
},
{
    "model": "products.productvariant",
    "pk": 89,
    "fields": {
        "product_color": 21,
        "size": 3,
        "price": "0.00",
        "discount": null,
        "stock": 3
    }
},
{
    "model": "products.productvariant",
    "pk": 90,
    "fields": {
        "product_color": 21,
        "size": 4,
        "price": "0.00",
        "discount": null,
        "stock": 6
    }
},
{
    "model": "products.productvariant",
    "pk": 91,
    "fields": {
        "product_color": 21,
        "size": 19,
        "price": "0.00",
        "discount": null,
        "stock": 4
    }
},
{
    "model": "products.productvariant",
    "pk": 92,
    "fields": {
        "product_color": 21,
        "size": 20,
        "price": "0.00",
        "discount": null,
        "stock": 0
    }
},
{
    "model": "products.productvariant",
    "pk": 93,
    "fields": {
        "product_color": 21,
        "size": 21,
        "price": "0.00",
        "discount": null,
        "stock": 2
    }
},
{
    "model": "products.productvariant",
    "pk": 94,
    "fields": {
        "product_color": 22,
        "size": 1,
        "price": "0.00",
        "discount": null,
        "stock": 0
    }
},
{
    "model": "products.productvariant",
    "pk": 95,
    "fields": {
        "product_color": 22,
        "size": 2,
        "price": "0.00",
        "discount": null,
        "stock": 0
    }
},
{
    "model": "products.productvariant",
    "pk": 96,
    "fields": {
        "product_color": 22,
        "size": 3,
        "price": "0.00",
        "discount": null,
        "stock": 4
    }
},
{
    "model": "products.productvariant",
    "pk": 97,
    "fields": {
        "product_color": 22,
        "size": 4,
        "price": "0.00",
        "discount": null,
        "stock": 3
    }
},
{
    "model": "products.productvariant",
    "pk": 98,
    "fields": {
        "product_color": 22,
        "size": 19,
        "price": "0.00",
        "discount": null,
        "stock": 7
    }
},
{
    "model": "products.productvariant",
    "pk": 99,
    "fields": {
        "product_color": 22,
        "size": 20,
        "price": "0.00",
        "discount": null,
        "stock": 5
    }
},
{
    "model": "products.productvariant",
    "pk": 100,
    "fields": {
        "product_color": 22,
        "size": 21,
        "price": "0.00",
        "discount": null,
        "stock": 3
    }
},
{
    "model": "products.productvariant",
    "pk": 101,
    "fields": {
        "product_color": 23,
        "size": 1,
        "price": "0.00",
        "discount": null,
        "stock": 8
    }
},
{
    "model": "products.productvariant",
    "pk": 102,
    "fields": {
        "product_color": 23,
        "size": 2,
        "price": "0.00",
        "discount": null,
        "stock": 12
    }
},
{
    "model": "products.productvariant",
    "pk": 103,
    "fields": {
        "product_color": 23,
        "size": 3,
        "price": "0.00",
        "discount": null,
        "stock": 7
    }
},
{
    "model": "products.productvariant",
    "pk": 104,
    "fields": {
        "product_color": 23,
        "size": 4,
        "price": "0.00",
        "discount": null,
        "stock": 6
    }
},
{
    "model": "products.productvariant",
    "pk": 105,
    "fields": {
        "product_color": 23,
        "size": 19,
        "price": "0.00",
        "discount": null,
        "stock": 8
    }
},
{
    "model": "products.productvariant",
    "pk": 106,
    "fields": {
        "product_color": 23,
        "size": 20,
        "price": "0.00",
        "discount": null,
        "stock": 4
    }
},
{
    "model": "products.productvariant",
    "pk": 107,
    "fields": {
        "product_color": 23,
        "size": 21,
        "price": "0.00",
        "discount": null,
        "stock": 2
    }
},
{
    "model": "products.productvariant",
    "pk": 108,
    "fields": {
        "product_color": 24,
        "size": 1,
        "price": "0.00",
        "discount": null,
        "stock": 3
    }
},
{
    "model": "products.productvariant",
    "pk": 109,
    "fields": {
        "product_color": 24,
        "size": 2,
        "price": "0.00",
        "discount": null,
        "stock": 2
    }
},
{
    "model": "products.productvariant",
    "pk": 110,
    "fields": {
        "product_color": 24,
        "size": 3,
        "price": "0.00",
        "discount": null,
        "stock": 5
    }
},
{
    "model": "products.productvariant",
    "pk": 111,
    "fields": {
        "product_color": 24,
        "size": 4,
        "price": "0.00",
        "discount": null,
        "stock": 4
    }
},
{
    "model": "products.productvariant",
    "pk": 112,
    "fields": {
        "product_color": 24,
        "size": 19,
        "price": "0.00",
        "discount": null,
        "stock": 7
    }
},
{
    "model": "products.productvariant",
    "pk": 113,
    "fields": {
        "product_color": 24,
        "size": 20,
        "price": "0.00",
        "discount": null,
        "stock": 6
    }
},
{
    "model": "products.productvariant",
    "pk": 114,
    "fields": {
        "product_color": 24,
        "size": 21,
        "price": "0.00",
        "discount": null,
        "stock": 4
    }
},
{
    "model": "products.productvariant",
    "pk": 115,
    "fields": {
        "product_color": 25,
        "size": 1,
        "price": "0.00",
        "discount": null,
        "stock": 0
    }
},
{
    "model": "products.productvariant",
    "pk": 116,
    "fields": {
        "product_color": 25,
        "size": 2,
        "price": "0.00",
        "discount": null,
        "stock": 4
    }
},
{
    "model": "products.productvariant",
    "pk": 117,
    "fields": {
        "product_color": 25,
        "size": 3,
        "price": "0.00",
        "discount": null,
        "stock": 3
    }
},
{
    "model": "products.productvariant",
    "pk": 118,
    "fields": {
        "product_color": 25,
        "size": 4,
        "price": "0.00",
        "discount": null,
        "stock": 6
    }
},
{
    "model": "products.productvariant",
    "pk": 119,
    "fields": {
        "product_color": 25,
        "size": 19,
        "price": "0.00",
        "discount": null,
        "stock": 3
    }
},
{
    "model": "products.productvariant",
    "pk": 120,
    "fields": {
        "product_color": 25,
        "size": 20,
        "price": "0.00",
        "discount": null,
        "stock": 0
    }
},
{
    "model": "products.productvariant",
    "pk": 121,
    "fields": {
        "product_color": 25,
        "size": 21,
        "price": "0.00",
        "discount": null,
        "stock": 1
    }
},
{
    "model": "products.productvariant",
    "pk": 122,
    "fields": {
        "product_color": 26,
        "size": 1,
        "price": "0.00",
        "discount": null,
        "stock": 0
    }
},
{
    "model": "products.productvariant",
    "pk": 123,
    "fields": {
        "product_color": 26,
        "size": 2,
        "price": "0.00",
        "discount": null,
        "stock": 11
    }
},
{
    "model": "products.productvariant",
    "pk": 124,
    "fields": {
        "product_color": 26,
        "size": 3,
        "price": "0.00",
        "discount": null,
        "stock": 4
    }
},
{
    "model": "products.productvariant",
    "pk": 125,
    "fields": {
        "product_color": 26,
        "size": 4,
        "price": "0.00",
        "discount": null,
        "stock": 7
    }
},
{
    "model": "products.productvariant",
    "pk": 126,
    "fields": {
        "product_color": 26,
        "size": 19,
        "price": "0.00",
        "discount": null,
        "stock": 2
    }
},
{
    "model": "products.productvariant",
    "pk": 127,
    "fields": {
        "product_color": 26,
        "size": 20,
        "price": "0.00",
        "discount": null,
        "stock": 8
    }
},
{
    "model": "products.productvariant",
    "pk": 128,
    "fields": {
        "product_color": 26,
        "size": 21,
        "price": "0.00",
        "discount": null,
        "stock": 4
    }
},
{
    "model": "products.productvariant",
    "pk": 129,
    "fields": {
        "product_color": 27,
        "size": 1,
        "price": "0.00",
        "discount": null,
        "stock": 3
    }
},
{
    "model": "products.productvariant",
    "pk": 130,
    "fields": {
        "product_color": 27,
        "size": 2,
        "price": "0.00",
        "discount": null,
        "stock": 2
    }
},
{
    "model": "products.productvariant",
    "pk": 131,
    "fields": {
        "product_color": 27,
        "size": 3,
        "price": "0.00",
        "discount": null,
        "stock": 5
    }
},
{
    "model": "products.productvariant",
    "pk": 132,
    "fields": {
        "product_color": 27,
        "size": 4,
        "price": "0.00",
        "discount": null,
        "stock": 7
    }
},
{
    "model": "products.productvariant",
    "pk": 133,
    "fields": {
        "product_color": 27,
        "size": 19,
        "price": "0.00",
        "discount": null,
        "stock": 3
    }
},
{
    "model": "products.productvariant",
    "pk": 134,
    "fields": {
        "product_color": 27,
        "size": 20,
        "price": "0.00",
        "discount": null,
        "stock": 4
    }
},
{
    "model": "products.productvariant",
    "pk": 135,
    "fields": {
        "product_color": 27,
        "size": 21,
        "price": "0.00",
        "discount": null,
        "stock": 2
    }
},
{
    "model": "orders.province",
    "pk": 1,
    "fields": {
        "acronym": "AG",
        "name": "Agrigento"
    }
},
{
    "model": "orders.province",
    "pk": 2,
    "fields": {
        "acronym": "AL",
        "name": "Alessandria"
    }
},
{
    "model": "orders.province",
    "pk": 3,
    "fields": {
        "acronym": "AN",
        "name": "Ancona"
    }
},
{
    "model": "orders.province",
    "pk": 4,
    "fields": {
        "acronym": "AO",
        "name": "Valle d'Aosta/Vallée d'Aoste"
    }
},
{
    "model": "orders.province",
    "pk": 5,
    "fields": {
        "acronym": "AP",
        "name": "Ascoli Piceno"
    }
},
{
    "model": "orders.province",
    "pk": 6,
    "fields": {
        "acronym": "AQ",
        "name": "L'Aquila"
    }
},
{
    "model": "orders.province",
    "pk": 7,
    "fields": {
        "acronym": "AR",
        "name": "Arezzo"
    }
},
{
    "model": "orders.province",
    "pk": 8,
    "fields": {
        "acronym": "AT",
        "name": "Asti"
    }
},
{
    "model": "orders.province",
    "pk": 9,
    "fields": {
        "acronym": "AV",
        "name": "Avellino"
    }
},
{
    "model": "orders.province",
    "pk": 10,
    "fields": {
        "acronym": "BA",
        "name": "Bari"
    }
},
{
    "model": "orders.province",
    "pk": 11,
    "fields": {
        "acronym": "BG",
        "name": "Bergamo"
    }
},
{
    "model": "orders.province",
    "pk": 12,
    "fields": {
        "acronym": "BI",
        "name": "Biella"
    }
},
{
    "model": "orders.province",
    "pk": 13,
    "fields": {
        "acronym": "BL",
        "name": "Belluno"
    }
},
{
    "model": "orders.province",
    "pk": 14,
    "fields": {
        "acronym": "BN",
        "name": "Benevento"
    }
},
{
    "model": "orders.province",
    "pk": 15,
    "fields": {
        "acronym": "BO",
        "name": "Bologna"
    }
},
{
    "model": "orders.province",
    "pk": 16,
    "fields": {
        "acronym": "BR",
        "name": "Brindisi"
    }
},
{
    "model": "orders.province",
    "pk": 17,
    "fields": {
        "acronym": "BS",
        "name": "Brescia"
    }
},
{
    "model": "orders.province",
    "pk": 18,
    "fields": {
        "acronym": "BT",
        "name": "Barletta-Andria-Trani"
    }
},
{
    "model": "orders.province",
    "pk": 19,
    "fields": {
        "acronym": "BZ",
        "name": "Bolzano/Bozen"
    }
},
{
    "model": "orders.province",
    "pk": 20,
    "fields": {
        "acronym": "CA",
        "name": "Cagliari"
    }
},
{
    "model": "orders.province",
    "pk": 21,
    "fields": {
        "acronym": "CB",
        "name": "Campobasso"
    }
},
{
    "model": "orders.province",
    "pk": 22,
    "fields": {
        "acronym": "CE",
        "name": "Caserta"
    }
},
{
    "model": "orders.province",
    "pk": 23,
    "fields": {
        "acronym": "CH",
        "name": "Chieti"
    }
},
{
    "model": "orders.province",
    "pk": 24,
    "fields": {
        "acronym": "CL",
        "name": "Caltanissetta"
    }
},
{
    "model": "orders.province",
    "pk": 25,
    "fields": {
        "acronym": "CN",
        "name": "Cuneo"
    }
},
{
    "model": "orders.province",
    "pk": 26,
    "fields": {
        "acronym": "CO",
        "name": "Como"
    }
},
{
    "model": "orders.province",
    "pk": 27,
    "fields": {
        "acronym": "CR",
        "name": "Cremona"
    }
},
{
    "model": "orders.province",
    "pk": 28,
    "fields": {
        "acronym": "CS",
        "name": "Cosenza"
    }
},
{
    "model": "orders.province",
    "pk": 29,
    "fields": {
        "acronym": "CT",
        "name": "Catania"
    }
},
{
    "model": "orders.province",
    "pk": 30,
    "fields": {
        "acronym": "CZ",
        "name": "Catanzaro"
    }
},
{
    "model": "orders.province",
    "pk": 31,
    "fields": {
        "acronym": "EN",
        "name": "Enna"
    }
},
{
    "model": "orders.province",
    "pk": 32,
    "fields": {
        "acronym": "FC",
        "name": "Forlì-Cesena"
    }
},
{
    "model": "orders.province",
    "pk": 33,
    "fields": {
        "acronym": "FE",
        "name": "Ferrara"
    }
},
{
    "model": "orders.province",
    "pk": 34,
    "fields": {
        "acronym": "FG",
        "name": "Foggia"
    }
},
{
    "model": "orders.province",
    "pk": 35,
    "fields": {
        "acronym": "FI",
        "name": "Firenze"
    }
},
{
    "model": "orders.province",
    "pk": 36,
    "fields": {
        "acronym": "FM",
        "name": "Fermo"
    }
},
{
    "model": "orders.province",
    "pk": 37,
    "fields": {
        "acronym": "FR",
        "name": "Frosinone"
    }
},
{
    "model": "orders.province",
    "pk": 38,
    "fields": {
        "acronym": "GE",
        "name": "Genova"
    }
},
{
    "model": "orders.province",
    "pk": 39,
    "fields": {
        "acronym": "GO",
        "name": "Gorizia"
    }
},
{
    "model": "orders.province",
    "pk": 40,
    "fields": {
        "acronym": "GR",
        "name": "Grosseto"
    }
},
{
    "model": "orders.province",
    "pk": 41,
    "fields": {
        "acronym": "IM",
        "name": "Imperia"
    }
},
{
    "model": "orders.province",
    "pk": 42,
    "fields": {
        "acronym": "IS",
        "name": "Isernia"
    }
},
{
    "model": "orders.province",
    "pk": 43,
    "fields": {
        "acronym": "KR",
        "name": "Crotone"
    }
},
{
    "model": "orders.province",
    "pk": 44,
    "fields": {
        "acronym": "LC",
        "name": "Lecco"
    }
},
{
    "model": "orders.province",
    "pk": 45,
    "fields": {
        "acronym": "LE",
        "name": "Lecce"
    }
},
{
    "model": "orders.province",
    "pk": 46,
    "fields": {
        "acronym": "LI",
        "name": "Livorno"
    }
},
{
    "model": "orders.province",
    "pk": 47,
    "fields": {
        "acronym": "LO",
        "name": "Lodi"
    }
},
{
    "model": "orders.province",
    "pk": 48,
    "fields": {
        "acronym": "LT",
        "name": "Latina"
    }
},
{
    "model": "orders.province",
    "pk": 49,
    "fields": {
        "acronym": "LU",
        "name": "Lucca"
    }
},
{
    "model": "orders.province",
    "pk": 50,
    "fields": {
        "acronym": "MB",
        "name": "Monza e della Brianza"
    }
},
{
    "model": "orders.province",
    "pk": 51,
    "fields": {
        "acronym": "MC",
        "name": "Macerata"
    }
},
{
    "model": "orders.province",
    "pk": 52,
    "fields": {
        "acronym": "ME",
        "name": "Messina"
    }
},
{
    "model": "orders.province",
    "pk": 53,
    "fields": {
        "acronym": "MI",
        "name": "Milano"
    }
},
{
    "model": "orders.province",
    "pk": 54,
    "fields": {
        "acronym": "MN",
        "name": "Mantova"
    }
},
{
    "model": "orders.province",
    "pk": 55,
    "fields": {
        "acronym": "MO",
        "name": "Modena"
    }
},
{
    "model": "orders.province",
    "pk": 56,
    "fields": {
        "acronym": "MS",
        "name": "Massa-Carrara"
    }
},
{
    "model": "orders.province",
    "pk": 57,
    "fields": {
        "acronym": "MT",
        "name": "Matera"
    }
},
{
    "model": "orders.province",
    "pk": 58,
    "fields": {
        "acronym": "NA",
        "name": "Napoli"
    }
},
{
    "model": "orders.province",
    "pk": 59,
    "fields": {
        "acronym": "NO",
        "name": "Novara"
    }
},
{
    "model": "orders.province",
    "pk": 60,
    "fields": {
        "acronym": "NU",
        "name": "Nuoro"
    }
},
{
    "model": "orders.province",
    "pk": 61,
    "fields": {
        "acronym": "OR",
        "name": "Oristano"
    }
},
{
    "model": "orders.province",
    "pk": 62,
    "fields": {
        "acronym": "PA",
        "name": "Palermo"
    }
},
{
    "model": "orders.province",
    "pk": 63,
    "fields": {
        "acronym": "PC",
        "name": "Piacenza"
    }
},
{
    "model": "orders.province",
    "pk": 64,
    "fields": {
        "acronym": "PD",
        "name": "Padova"
    }
},
{
    "model": "orders.province",
    "pk": 65,
    "fields": {
        "acronym": "PE",
        "name": "Pescara"
    }
},
{
    "model": "orders.province",
    "pk": 66,
    "fields": {
        "acronym": "PG",
        "name": "Perugia"
    }
},
{
    "model": "orders.province",
    "pk": 67,
    "fields": {
        "acronym": "PI",
        "name": "Pisa"
    }
},
{
    "model": "orders.province",
    "pk": 68,
    "fields": {
        "acronym": "PN",
        "name": "Pordenone"
    }
},
{
    "model": "orders.province",
    "pk": 69,
    "fields": {
        "acronym": "PO",
        "name": "Prato"
    }
},
{
    "model": "orders.province",
    "pk": 70,
    "fields": {
        "acronym": "PR",
        "name": "Parma"
    }
},
{
    "model": "orders.province",
    "pk": 71,
    "fields": {
        "acronym": "PT",
        "name": "Pistoia"
    }
},
{
    "model": "orders.province",
    "pk": 72,
    "fields": {
        "acronym": "PU",
        "name": "Pesaro e Urbino"
    }
},
{
    "model": "orders.province",
    "pk": 73,
    "fields": {
        "acronym": "PV",
        "name": "Pavia"
    }
},
{
    "model": "orders.province",
    "pk": 74,
    "fields": {
        "acronym": "PZ",
        "name": "Potenza"
    }
},
{
    "model": "orders.province",
    "pk": 75,
    "fields": {
        "acronym": "RA",
        "name": "Ravenna"
    }
},
{
    "model": "orders.province",
    "pk": 76,
    "fields": {
        "acronym": "RC",
        "name": "Reggio Calabria"
    }
},
{
    "model": "orders.province",
    "pk": 77,
    "fields": {
        "acronym": "RE",
        "name": "Reggio nell'Emilia"
    }
},
{
    "model": "orders.province",
    "pk": 78,
    "fields": {
        "acronym": "RG",
        "name": "Ragusa"
    }
},
{
    "model": "orders.province",
    "pk": 79,
    "fields": {
        "acronym": "RI",
        "name": "Rieti"
    }
},
{
    "model": "orders.province",
    "pk": 80,
    "fields": {
        "acronym": "RM",
        "name": "Roma"
    }
},
{
    "model": "orders.province",
    "pk": 81,
    "fields": {
        "acronym": "RN",
        "name": "Rimini"
    }
},
{
    "model": "orders.province",
    "pk": 82,
    "fields": {
        "acronym": "RO",
        "name": "Rovigo"
    }
},
{
    "model": "orders.province",
    "pk": 83,
    "fields": {
        "acronym": "SA",
        "name": "Salerno"
    }
},
{
    "model": "orders.province",
    "pk": 84,
    "fields": {
        "acronym": "SI",
        "name": "Siena"
    }
},
{
    "model": "orders.province",
    "pk": 85,
    "fields": {
        "acronym": "SO",
        "name": "Sondrio"
    }
},
{
    "model": "orders.province",
    "pk": 86,
    "fields": {
        "acronym": "SP",
        "name": "La Spezia"
    }
},
{
    "model": "orders.province",
    "pk": 87,
    "fields": {
        "acronym": "SR",
        "name": "Siracusa"
    }
},
{
    "model": "orders.province",
    "pk": 88,
    "fields": {
        "acronym": "SS",
        "name": "Sassari"
    }
},
{
    "model": "orders.province",
    "pk": 89,
    "fields": {
        "acronym": "SU",
        "name": "Sud Sardegna"
    }
},
{
    "model": "orders.province",
    "pk": 90,
    "fields": {
        "acronym": "SV",
        "name": "Savona"
    }
},
{
    "model": "orders.province",
    "pk": 91,
    "fields": {
        "acronym": "TA",
        "name": "Taranto"
    }
},
{
    "model": "orders.province",
    "pk": 92,
    "fields": {
        "acronym": "TE",
        "name": "Teramo"
    }
},
{
    "model": "orders.province",
    "pk": 93,
    "fields": {
        "acronym": "TN",
        "name": "Trento"
    }
},
{
    "model": "orders.province",
    "pk": 94,
    "fields": {
        "acronym": "TO",
        "name": "Torino"
    }
},
{
    "model": "orders.province",
    "pk": 95,
    "fields": {
        "acronym": "TP",
        "name": "Trapani"
    }
},
{
    "model": "orders.province",
    "pk": 96,
    "fields": {
        "acronym": "TR",
        "name": "Terni"
    }
},
{
    "model": "orders.province",
    "pk": 97,
    "fields": {
        "acronym": "TS",
        "name": "Trieste"
    }
},
{
    "model": "orders.province",
    "pk": 98,
    "fields": {
        "acronym": "TV",
        "name": "Treviso"
    }
},
{
    "model": "orders.province",
    "pk": 99,
    "fields": {
        "acronym": "UD",
        "name": "Udine"
    }
},
{
    "model": "orders.province",
    "pk": 100,
    "fields": {
        "acronym": "VA",
        "name": "Varese"
    }
},
{
    "model": "orders.province",
    "pk": 101,
    "fields": {
        "acronym": "VB",
        "name": "Verbano-Cusio-Ossola"
    }
},
{
    "model": "orders.province",
    "pk": 102,
    "fields": {
        "acronym": "VC",
        "name": "Vercelli"
    }
},
{
    "model": "orders.province",
    "pk": 103,
    "fields": {
        "acronym": "VE",
        "name": "Venezia"
    }
},
{
    "model": "orders.province",
    "pk": 104,
    "fields": {
        "acronym": "VI",
        "name": "Vicenza"
    }
},
{
    "model": "orders.province",
    "pk": 105,
    "fields": {
        "acronym": "VR",
        "name": "Verona"
    }
},
{
    "model": "orders.province",
    "pk": 106,
    "fields": {
        "acronym": "VT",
        "name": "Viterbo"
    }
},
{
    "model": "orders.province",
    "pk": 107,
    "fields": {
        "acronym": "VV",
        "name": "Vibo Valentia"
    }
},
{
    "model": "orders.paymentmethod",
    "pk": 1,
    "fields": {
        "name": "Contrassegno"
    }
},
{
    "model": "orders.paymentmethod",
    "pk": 2,
    "fields": {
        "name": "Paypal"
    }
},
{
    "model": "orders.paymentmethod",
    "pk": 3,
    "fields": {
        "name": "Stripe"
    }
},
{
    "model": "orders.order",
    "pk": 22,
    "fields": {
        "user": [
            "root@root.it"
        ],
        "created_at": "2024-11-24T11:46:36.010Z",
        "status": "PR",
        "name": "Pinco Pallino",
        "phone_number": "+390123456789",
        "address_line_one": "Via Roma 13",
        "address_line_two": null,
        "province": 17,
        "postal_code": "84567",
        "city": "Brescia",
        "payment_method": 1
    }
},
{
    "model": "orders.order",
    "pk": 23,
    "fields": {
        "user": [
            "root@root.it"
        ],
        "created_at": "2024-12-17T23:00:58.686Z",
        "status": "PR",
        "name": "Pinco Pallino",
        "phone_number": "+390123456789",
        "address_line_one": "Via Roma 13",
        "address_line_two": null,
        "province": 80,
        "postal_code": "00100",
        "city": "Roma",
        "payment_method": 1
    }
},
{
    "model": "orders.orderitem",
    "pk": 15,
    "fields": {
        "order": 22,
        "variant": 123,
        "quantity": 2,
        "price": "99.90"
    }
},
{
    "model": "orders.orderitem",
    "pk": 16,
    "fields": {
        "order": 23,
        "variant": 39,
        "quantity": 1,
        "price": "12.95"
    }
},
{
    "model": "orders.orderitem",
    "pk": 17,
    "fields": {
        "order": 23,
        "variant": 19,
        "quantity": 3,
        "price": "89.95"
    }
},
{
    "model": "orders.orderitem",
    "pk": 18,
    "fields": {
        "order": 23,
        "variant": 22,
        "quantity": 2,
        "price": "119.00"
    }
},
{
    "model": "orders.orderitem",
    "pk": 19,
    "fields": {
        "order": 23,
        "variant": 29,
        "quantity": 1,
        "price": "45.95"
    }
},
{
    "model": "orders.returnitem",
    "pk": 8,
    "fields": {
        "order_item": 15,
        "status": "RQ",
        "reason": "DF",
        "comments": "Il prodotto ha un piccolo strappo sulla manica."
    }
},
{
    "model": "orders.returnitem",
    "pk": 9,
    "fields": {
        "order_item": 19,
        "status": "RQ",
        "reason": "SI",
        "comments": "Taglia troppo piccola"
    }
},
{
    "model": "admin.logentry",
    "pk": 1,
    "fields": {
        "action_time": "2024-10-04T16:20:05.298Z",
        "user": [
            "root@root.it"
        ],
        "content_type": null,
        "object_id": "1",
        "object_repr": "Brand object (1)",
        "action_flag": 1,
        "change_message": "[{\"added\": {}}]"
    }
},
{
    "model": "admin.logentry",
    "pk": 2,
    "fields": {
        "action_time": "2024-10-04T16:20:35.110Z",
        "user": [
            "root@root.it"
        ],
        "content_type": null,
        "object_id": "1",
        "object_repr": "Uomo",
        "action_flag": 1,
        "change_message": "[{\"added\": {}}]"
    }
},
{
    "model": "admin.logentry",
    "pk": 3,
    "fields": {
        "action_time": "2024-10-04T16:21:34.348Z",
        "user": [
            "root@root.it"
        ],
        "content_type": null,
        "object_id": "1",
        "object_repr": "Rosso",
        "action_flag": 1,
        "change_message": "[{\"added\": {}}]"
    }
},
{
    "model": "admin.logentry",
    "pk": 4,
    "fields": {
        "action_time": "2024-10-04T16:21:39.648Z",
        "user": [
            "root@root.it"
        ],
        "content_type": null,
        "object_id": "1",
        "object_repr": "S",
        "action_flag": 1,
        "change_message": "[{\"added\": {}}]"
    }
},
{
    "model": "admin.logentry",
    "pk": 5,
    "fields": {
        "action_time": "2024-10-04T16:21:43.277Z",
        "user": [
            "root@root.it"
        ],
        "content_type": null,
        "object_id": "2",
        "object_repr": "M",
        "action_flag": 1,
        "change_message": "[{\"added\": {}}]"
    }
},
{
    "model": "admin.logentry",
    "pk": 6,
    "fields": {
        "action_time": "2024-10-04T16:21:46.983Z",
        "user": [
            "root@root.it"
        ],
        "content_type": null,
        "object_id": "3",
        "object_repr": "L",
        "action_flag": 1,
        "change_message": "[{\"added\": {}}]"
    }
},
{
    "model": "admin.logentry",
    "pk": 7,
    "fields": {
        "action_time": "2024-10-04T16:21:54.982Z",
        "user": [
            "root@root.it"
        ],
        "content_type": null,
        "object_id": "2",
        "object_repr": "Verde",
        "action_flag": 1,
        "change_message": "[{\"added\": {}}]"
    }
},
{
    "model": "admin.logentry",
    "pk": 8,
    "fields": {
        "action_time": "2024-10-04T16:22:06.482Z",
        "user": [
            "root@root.it"
        ],
        "content_type": null,
        "object_id": "3",
        "object_repr": "Blu",
        "action_flag": 1,
        "change_message": "[{\"added\": {}}]"
    }
},
{
    "model": "admin.logentry",
    "pk": 9,
    "fields": {
        "action_time": "2024-10-04T16:22:56.073Z",
        "user": [
            "root@root.it"
        ],
        "content_type": null,
        "object_id": "1",
        "object_repr": "1-T-Shirt",
        "action_flag": 1,
        "change_message": "[{\"added\": {}}, {\"added\": {\"name\": \"product color\", \"object\": \"1-T-Shirt-Rosso\"}}, {\"added\": {\"name\": \"product color\", \"object\": \"1-T-Shirt-Verde\"}}, {\"added\": {\"name\": \"product color\", \"object\": \"1-T-Shirt-Blu\"}}, {\"added\": {\"name\": \"product variant\", \"object\": \"1-T-Shirt-1-T-Shirt-Rosso-S\"}}, {\"added\": {\"name\": \"product variant\", \"object\": \"1-T-Shirt-1-T-Shirt-Rosso-M\"}}, {\"added\": {\"name\": \"product variant\", \"object\": \"1-T-Shirt-1-T-Shirt-Rosso-L\"}}, {\"added\": {\"name\": \"product variant\", \"object\": \"1-T-Shirt-1-T-Shirt-Verde-None\"}}, {\"added\": {\"name\": \"product variant\", \"object\": \"1-T-Shirt-1-T-Shirt-Verde-None\"}}, {\"added\": {\"name\": \"product variant\", \"object\": \"1-T-Shirt-1-T-Shirt-Verde-None\"}}, {\"added\": {\"name\": \"product variant\", \"object\": \"1-T-Shirt-1-T-Shirt-Blu-S\"}}, {\"added\": {\"name\": \"product variant\", \"object\": \"1-T-Shirt-1-T-Shirt-Blu-M\"}}, {\"added\": {\"name\": \"product variant\", \"object\": \"1-T-Shirt-1-T-Shirt-Blu-L\"}}, {\"added\": {\"name\": \"product image\", \"object\": \"1-T-Shirt-Rosso-products/09598151926-a1_nMjmtc2.webp\"}}, {\"added\": {\"name\": \"product image\", \"object\": \"1-T-Shirt-Verde-products/09598151832-a1_FDYbWlO.webp\"}}, {\"added\": {\"name\": \"product image\", \"object\": \"1-T-Shirt-Blu-products/09598151926-p_Z29jynR.webp\"}}]"
    }
},
{
    "model": "admin.logentry",
    "pk": 10,
    "fields": {
        "action_time": "2024-10-04T19:17:13.645Z",
        "user": [
            "root@root.it"
        ],
        "content_type": null,
        "object_id": "1",
        "object_repr": "1-T-Shirt",
        "action_flag": 2,
        "change_message": "[{\"changed\": {\"name\": \"product image\", \"object\": \"1-T-Shirt-Rosso-products/09598151926-a1_nMjmtc2.webp\", \"fields\": [\"Image\"]}}, {\"changed\": {\"name\": \"product image\", \"object\": \"1-T-Shirt-Verde-products/09598151832-a1_FDYbWlO.webp\", \"fields\": [\"Image\"]}}, {\"changed\": {\"name\": \"product image\", \"object\": \"1-T-Shirt-Blu-products/09598151926-p_Z29jynR.webp\", \"fields\": [\"Image\"]}}]"
    }
},
{
    "model": "admin.logentry",
    "pk": 11,
    "fields": {
        "action_time": "2024-10-04T19:18:44.093Z",
        "user": [
            "root@root.it"
        ],
        "content_type": null,
        "object_id": "1",
        "object_repr": "1-T-Shirt",
        "action_flag": 2,
        "change_message": "[{\"changed\": {\"name\": \"product variant\", \"object\": \"1-T-Shirt-1-T-Shirt-Verde-None\", \"fields\": [\"Size\"]}}, {\"changed\": {\"name\": \"product variant\", \"object\": \"1-T-Shirt-1-T-Shirt-Verde-None\", \"fields\": [\"Size\"]}}, {\"changed\": {\"name\": \"product variant\", \"object\": \"1-T-Shirt-1-T-Shirt-Verde-None\", \"fields\": [\"Size\"]}}]"
    }
},
{
    "model": "admin.logentry",
    "pk": 12,
    "fields": {
        "action_time": "2024-10-04T19:20:46.237Z",
        "user": [
            "root@root.it"
        ],
        "content_type": null,
        "object_id": "1",
        "object_repr": "1-T-Shirt",
        "action_flag": 2,
        "change_message": "[{\"changed\": {\"name\": \"product variant\", \"object\": \"1-T-Shirt-1-T-Shirt-Verde-S\", \"fields\": [\"Stock\"]}}, {\"changed\": {\"name\": \"product variant\", \"object\": \"1-T-Shirt-1-T-Shirt-Verde-L\", \"fields\": [\"Stock\"]}}]"
    }
},
{
    "model": "admin.logentry",
    "pk": 13,
    "fields": {
        "action_time": "2024-10-06T09:06:56.873Z",
        "user": [
            "root@root.it"
        ],
        "content_type": null,
        "object_id": "1",
        "object_repr": "Order object (1)",
        "action_flag": 1,
        "change_message": "[{\"added\": {}}, {\"added\": {\"name\": \"order product\", \"object\": \"OrderProduct object (1)\"}}, {\"added\": {\"name\": \"order product\", \"object\": \"OrderProduct object (2)\"}}]"
    }
},
{
    "model": "admin.logentry",
    "pk": 14,
    "fields": {
        "action_time": "2024-10-06T09:54:49.159Z",
        "user": [
            "root@root.it"
        ],
        "content_type": null,
        "object_id": "2",
        "object_repr": "Order object (2)",
        "action_flag": 1,
        "change_message": "[{\"added\": {}}, {\"added\": {\"name\": \"order product\", \"object\": \"OrderProduct object (3)\"}}]"
    }
},
{
    "model": "admin.logentry",
    "pk": 15,
    "fields": {
        "action_time": "2024-10-06T16:55:41.831Z",
        "user": [
            "root@root.it"
        ],
        "content_type": null,
        "object_id": "3",
        "object_repr": "Order object (3)",
        "action_flag": 1,
        "change_message": "[{\"added\": {}}, {\"added\": {\"name\": \"order product\", \"object\": \"OrderProduct object (4)\"}}]"
    }
},
{
    "model": "admin.logentry",
    "pk": 16,
    "fields": {
        "action_time": "2024-10-09T17:49:27.306Z",
        "user": [
            "root@root.it"
        ],
        "content_type": null,
        "object_id": "1",
        "object_repr": "1-T-Shirt",
        "action_flag": 2,
        "change_message": "[{\"changed\": {\"name\": \"product variant\", \"object\": \"1-T-Shirt-Blu-S\", \"fields\": [\"Price\"]}}, {\"changed\": {\"name\": \"product variant\", \"object\": \"1-T-Shirt-Blu-M\", \"fields\": [\"Price\"]}}, {\"changed\": {\"name\": \"product variant\", \"object\": \"1-T-Shirt-Blu-L\", \"fields\": [\"Price\"]}}]"
    }
},
{
    "model": "admin.logentry",
    "pk": 17,
    "fields": {
        "action_time": "2024-10-09T17:57:58.094Z",
        "user": [
            "root@root.it"
        ],
        "content_type": null,
        "object_id": "1",
        "object_repr": "1-T-Shirt",
        "action_flag": 2,
        "change_message": "[{\"changed\": {\"name\": \"product variant\", \"object\": \"1-T-Shirt-Rosso-S\", \"fields\": [\"Stock\"]}}]"
    }
},
{
    "model": "admin.logentry",
    "pk": 18,
    "fields": {
        "action_time": "2024-10-09T18:03:03.908Z",
        "user": [
            "root@root.it"
        ],
        "content_type": null,
        "object_id": "4",
        "object_repr": "XL",
        "action_flag": 1,
        "change_message": "[{\"added\": {}}]"
    }
},
{
    "model": "admin.logentry",
    "pk": 19,
    "fields": {
        "action_time": "2024-10-09T18:03:11.852Z",
        "user": [
            "root@root.it"
        ],
        "content_type": null,
        "object_id": "1",
        "object_repr": "1-T-Shirt",
        "action_flag": 2,
        "change_message": "[{\"added\": {\"name\": \"product variant\", \"object\": \"1-T-Shirt-Blu-XL\"}}]"
    }
},
{
    "model": "admin.logentry",
    "pk": 20,
    "fields": {
        "action_time": "2024-10-10T04:59:44.935Z",
        "user": [
            "root@root.it"
        ],
        "content_type": null,
        "object_id": "2",
        "object_repr": "Adidas",
        "action_flag": 1,
        "change_message": "[{\"added\": {}}]"
    }
},
{
    "model": "admin.logentry",
    "pk": 21,
    "fields": {
        "action_time": "2024-10-10T05:00:06.990Z",
        "user": [
            "root@root.it"
        ],
        "content_type": null,
        "object_id": "2",
        "object_repr": "2-Felpa",
        "action_flag": 1,
        "change_message": "[{\"added\": {}}]"
    }
},
{
    "model": "admin.logentry",
    "pk": 22,
    "fields": {
        "action_time": "2024-10-15T16:35:24.524Z",
        "user": [
            "root@root.it"
        ],
        "content_type": null,
        "object_id": "1",
        "object_repr": "1-T-Shirt",
        "action_flag": 2,
        "change_message": "[{\"added\": {\"name\": \"product variant\", \"object\": \"1-T-Shirt-Verde-L\"}}, {\"added\": {\"name\": \"product variant\", \"object\": \"1-T-Shirt-Blu-XL\"}}]"
    }
},
{
    "model": "admin.logentry",
    "pk": 23,
    "fields": {
        "action_time": "2024-10-16T06:06:51.642Z",
        "user": [
            "root@root.it"
        ],
        "content_type": null,
        "object_id": "3",
        "object_repr": "Levi's",
        "action_flag": 1,
        "change_message": "[{\"added\": {}}]"
    }
},
{
    "model": "admin.logentry",
    "pk": 24,
    "fields": {
        "action_time": "2024-10-16T06:08:51.291Z",
        "user": [
            "root@root.it"
        ],
        "content_type": null,
        "object_id": "4",
        "object_repr": "Lightweight",
        "action_flag": 1,
        "change_message": "[{\"added\": {}}]"
    }
},
{
    "model": "admin.logentry",
    "pk": 25,
    "fields": {
        "action_time": "2024-10-16T06:09:53.574Z",
        "user": [
            "root@root.it"
        ],
        "content_type": null,
        "object_id": "3",
        "object_repr": "3-Jeans",
        "action_flag": 1,
        "change_message": "[{\"added\": {}}, {\"added\": {\"name\": \"product color\", \"object\": \"3-Jeans-Blu\"}}, {\"added\": {\"name\": \"product color\", \"object\": \"3-Jeans-Lightweight\"}}, {\"added\": {\"name\": \"product variant\", \"object\": \"3-Jeans-Blu-M\"}}, {\"added\": {\"name\": \"product variant\", \"object\": \"3-Jeans-Lightweight-M\"}}, {\"added\": {\"name\": \"product image\", \"object\": \"3-Jeans-Blu-products/005010114-detail1-pdp-ld.jpg\"}}, {\"added\": {\"name\": \"product image\", \"object\": \"3-Jeans-Lightweight-products/005013524-alt1-pdp-ld.jpg\"}}]"
    }
},
{
    "model": "admin.logentry",
    "pk": 26,
    "fields": {
        "action_time": "2024-10-16T06:16:48.548Z",
        "user": [
            "root@root.it"
        ],
        "content_type": null,
        "object_id": "3",
        "object_repr": "3-Jeans",
        "action_flag": 2,
        "change_message": "[{\"changed\": {\"name\": \"product variant\", \"object\": \"3-Jeans-Lightweight-M\", \"fields\": [\"Stock\"]}}]"
    }
},
{
    "model": "admin.logentry",
    "pk": 27,
    "fields": {
        "action_time": "2024-10-16T06:27:18.915Z",
        "user": [
            "root@root.it"
        ],
        "content_type": null,
        "object_id": "2",
        "object_repr": "Donna",
        "action_flag": 1,
        "change_message": "[{\"added\": {}}]"
    }
},
{
    "model": "admin.logentry",
    "pk": 28,
    "fields": {
        "action_time": "2024-10-16T06:27:40.684Z",
        "user": [
            "root@root.it"
        ],
        "content_type": null,
        "object_id": "3",
        "object_repr": "Bambino",
        "action_flag": 1,
        "change_message": "[{\"added\": {}}]"
    }
},
{
    "model": "admin.logentry",
    "pk": 29,
    "fields": {
        "action_time": "2024-10-16T15:09:03.731Z",
        "user": [
            "root@root.it"
        ],
        "content_type": null,
        "object_id": "4",
        "object_repr": "Uomo-Giacche",
        "action_flag": 1,
        "change_message": "[{\"added\": {}}]"
    }
},
{
    "model": "admin.logentry",
    "pk": 30,
    "fields": {
        "action_time": "2024-10-16T15:09:06.765Z",
        "user": [
            "root@root.it"
        ],
        "content_type": null,
        "object_id": "1",
        "object_repr": "Giacche-Uomo",
        "action_flag": 2,
        "change_message": "[{\"changed\": {\"fields\": [\"Parent category\"]}}]"
    }
},
{
    "model": "admin.logentry",
    "pk": 31,
    "fields": {
        "action_time": "2024-10-16T15:09:11.233Z",
        "user": [
            "root@root.it"
        ],
        "content_type": null,
        "object_id": "3",
        "object_repr": "Bambini",
        "action_flag": 2,
        "change_message": "[{\"changed\": {\"fields\": [\"Name\"]}}]"
    }
},
{
    "model": "admin.logentry",
    "pk": 32,
    "fields": {
        "action_time": "2024-10-16T15:10:53.745Z",
        "user": [
            "root@root.it"
        ],
        "content_type": null,
        "object_id": "1",
        "object_repr": "Uomo",
        "action_flag": 2,
        "change_message": "[{\"changed\": {\"fields\": [\"Parent category\"]}}]"
    }
},
{
    "model": "admin.logentry",
    "pk": 33,
    "fields": {
        "action_time": "2024-10-16T15:12:44.451Z",
        "user": [
            "root@root.it"
        ],
        "content_type": null,
        "object_id": "1",
        "object_repr": "Uomo",
        "action_flag": 2,
        "change_message": "[]"
    }
},
{
    "model": "admin.logentry",
    "pk": 34,
    "fields": {
        "action_time": "2024-10-16T15:12:56.555Z",
        "user": [
            "root@root.it"
        ],
        "content_type": null,
        "object_id": "5",
        "object_repr": "Uomo-Jeans",
        "action_flag": 1,
        "change_message": "[{\"added\": {}}]"
    }
},
{
    "model": "admin.logentry",
    "pk": 35,
    "fields": {
        "action_time": "2024-10-16T15:16:01.909Z",
        "user": [
            "root@root.it"
        ],
        "content_type": null,
        "object_id": "6",
        "object_repr": "Jeans-Uomo-Bermuda",
        "action_flag": 1,
        "change_message": "[{\"added\": {}}]"
    }
},
{
    "model": "admin.logentry",
    "pk": 36,
    "fields": {
        "action_time": "2024-10-16T19:53:11.837Z",
        "user": [
            "root@root.it"
        ],
        "content_type": null,
        "object_id": "2",
        "object_repr": "2-Felpa",
        "action_flag": 2,
        "change_message": "[{\"added\": {\"name\": \"product color\", \"object\": \"2-Felpa-Rosso\"}}]"
    }
},
{
    "model": "admin.logentry",
    "pk": 37,
    "fields": {
        "action_time": "2024-10-16T21:11:10.711Z",
        "user": [
            "root@root.it"
        ],
        "content_type": null,
        "object_id": "3",
        "object_repr": "3-Jeans",
        "action_flag": 2,
        "change_message": "[{\"changed\": {\"fields\": [\"Categories\"]}}]"
    }
},
{
    "model": "admin.logentry",
    "pk": 38,
    "fields": {
        "action_time": "2024-10-17T06:03:05.964Z",
        "user": [
            "root@root.it"
        ],
        "content_type": null,
        "object_id": "4",
        "object_repr": "4-Prodotto inattivo",
        "action_flag": 1,
        "change_message": "[{\"added\": {}}]"
    }
},
{
    "model": "admin.logentry",
    "pk": 39,
    "fields": {
        "action_time": "2024-10-17T06:03:22.436Z",
        "user": [
            "root@root.it"
        ],
        "content_type": null,
        "object_id": "4",
        "object_repr": "4-Prodotto inattivo",
        "action_flag": 2,
        "change_message": "[{\"added\": {\"name\": \"product color\", \"object\": \"4-Prodotto inattivo-Verde\"}}, {\"added\": {\"name\": \"product variant\", \"object\": \"4-Prodotto inattivo-Verde-M\"}}]"
    }
},
{
    "model": "admin.logentry",
    "pk": 40,
    "fields": {
        "action_time": "2024-10-17T06:05:41.135Z",
        "user": [
            "root@root.it"
        ],
        "content_type": null,
        "object_id": "4",
        "object_repr": "4-Prodotto inattivo",
        "action_flag": 2,
        "change_message": "[{\"changed\": {\"fields\": [\"Is active\"]}}]"
    }
},
{
    "model": "admin.logentry",
    "pk": 41,
    "fields": {
        "action_time": "2024-10-17T06:25:43.845Z",
        "user": [
            "root@root.it"
        ],
        "content_type": null,
        "object_id": "1",
        "object_repr": "1-T-Shirt",
        "action_flag": 2,
        "change_message": "[{\"changed\": {\"fields\": [\"Is active\"]}}]"
    }
},
{
    "model": "admin.logentry",
    "pk": 42,
    "fields": {
        "action_time": "2024-10-17T06:25:54.273Z",
        "user": [
            "root@root.it"
        ],
        "content_type": null,
        "object_id": "1",
        "object_repr": "1-T-Shirt",
        "action_flag": 2,
        "change_message": "[{\"changed\": {\"fields\": [\"Is active\"]}}]"
    }
},
{
    "model": "admin.logentry",
    "pk": 43,
    "fields": {
        "action_time": "2024-10-18T11:47:29.995Z",
        "user": [
            "root@root.it"
        ],
        "content_type": null,
        "object_id": "5",
        "object_repr": "46",
        "action_flag": 1,
        "change_message": "[{\"added\": {}}]"
    }
},
{
    "model": "admin.logentry",
    "pk": 44,
    "fields": {
        "action_time": "2024-10-18T22:06:18.269Z",
        "user": [
            "root@root.it"
        ],
        "content_type": null,
        "object_id": "7",
        "object_repr": "Uomo-ciao",
        "action_flag": 1,
        "change_message": "[{\"added\": {}}]"
    }
},
{
    "model": "admin.logentry",
    "pk": 45,
    "fields": {
        "action_time": "2024-11-18T08:41:52.760Z",
        "user": [
            "root@root.it"
        ],
        "content_type": [
            "products",
            "product"
        ],
        "object_id": "1",
        "object_repr": "1-T-Shirt",
        "action_flag": 2,
        "change_message": "[{\"changed\": {\"name\": \"product variant\", \"object\": \"1-T-Shirt-Verde-L\", \"fields\": [\"Stock\"]}}]"
    }
},
{
    "model": "admin.logentry",
    "pk": 46,
    "fields": {
        "action_time": "2024-11-18T12:56:35.930Z",
        "user": [
            "root@root.it"
        ],
        "content_type": [
            "orders",
            "order"
        ],
        "object_id": "9",
        "object_repr": "Order object (9)",
        "action_flag": 2,
        "change_message": "[{\"changed\": {\"fields\": [\"Numero di telefono\"]}}]"
    }
},
{
    "model": "admin.logentry",
    "pk": 47,
    "fields": {
        "action_time": "2024-11-18T12:56:46.358Z",
        "user": [
            "root@root.it"
        ],
        "content_type": [
            "orders",
            "order"
        ],
        "object_id": "8",
        "object_repr": "Order object (8)",
        "action_flag": 2,
        "change_message": "[{\"changed\": {\"fields\": [\"Numero di telefono\"]}}]"
    }
},
{
    "model": "admin.logentry",
    "pk": 48,
    "fields": {
        "action_time": "2024-11-18T13:10:17.268Z",
        "user": [
            "root@root.it"
        ],
        "content_type": [
            "products",
            "product"
        ],
        "object_id": "3",
        "object_repr": "3-Jeans",
        "action_flag": 2,
        "change_message": "[{\"changed\": {\"name\": \"product variant\", \"object\": \"3-Jeans-Blu-M\", \"fields\": [\"Stock\"]}}]"
    }
},
{
    "model": "admin.logentry",
    "pk": 49,
    "fields": {
        "action_time": "2024-11-18T13:10:31.982Z",
        "user": [
            "root@root.it"
        ],
        "content_type": [
            "products",
            "product"
        ],
        "object_id": "3",
        "object_repr": "3-Jeans",
        "action_flag": 2,
        "change_message": "[{\"changed\": {\"name\": \"product variant\", \"object\": \"3-Jeans-Blu-M\", \"fields\": [\"Stock\"]}}]"
    }
},
{
    "model": "admin.logentry",
    "pk": 50,
    "fields": {
        "action_time": "2024-11-18T13:10:42.252Z",
        "user": [
            "root@root.it"
        ],
        "content_type": [
            "products",
            "product"
        ],
        "object_id": "3",
        "object_repr": "3-Jeans",
        "action_flag": 2,
        "change_message": "[{\"changed\": {\"name\": \"product variant\", \"object\": \"3-Jeans-Blu-M\", \"fields\": [\"Stock\"]}}]"
    }
},
{
    "model": "admin.logentry",
    "pk": 51,
    "fields": {
        "action_time": "2024-11-18T13:11:46.753Z",
        "user": [
            "root@root.it"
        ],
        "content_type": [
            "products",
            "product"
        ],
        "object_id": "3",
        "object_repr": "3-Jeans",
        "action_flag": 2,
        "change_message": "[{\"changed\": {\"name\": \"product variant\", \"object\": \"3-Jeans-Blu-M\", \"fields\": [\"Stock\"]}}]"
    }
},
{
    "model": "admin.logentry",
    "pk": 52,
    "fields": {
        "action_time": "2024-11-18T13:12:08.814Z",
        "user": [
            "root@root.it"
        ],
        "content_type": [
            "products",
            "product"
        ],
        "object_id": "3",
        "object_repr": "3-Jeans",
        "action_flag": 2,
        "change_message": "[{\"changed\": {\"name\": \"product variant\", \"object\": \"3-Jeans-Blu-M\", \"fields\": [\"Stock\"]}}]"
    }
},
{
    "model": "admin.logentry",
    "pk": 53,
    "fields": {
        "action_time": "2024-11-18T13:12:41.436Z",
        "user": [
            "root@root.it"
        ],
        "content_type": [
            "products",
            "product"
        ],
        "object_id": "3",
        "object_repr": "3-Jeans",
        "action_flag": 2,
        "change_message": "[{\"changed\": {\"name\": \"product variant\", \"object\": \"3-Jeans-Blu-M\", \"fields\": [\"Stock\"]}}]"
    }
},
{
    "model": "admin.logentry",
    "pk": 54,
    "fields": {
        "action_time": "2024-11-18T13:13:03.020Z",
        "user": [
            "root@root.it"
        ],
        "content_type": [
            "products",
            "product"
        ],
        "object_id": "3",
        "object_repr": "3-Jeans",
        "action_flag": 2,
        "change_message": "[{\"changed\": {\"name\": \"product variant\", \"object\": \"3-Jeans-Blu-M\", \"fields\": [\"Stock\"]}}]"
    }
},
{
    "model": "admin.logentry",
    "pk": 55,
    "fields": {
        "action_time": "2024-11-18T13:17:40.846Z",
        "user": [
            "root@root.it"
        ],
        "content_type": [
            "products",
            "product"
        ],
        "object_id": "3",
        "object_repr": "3-Jeans",
        "action_flag": 2,
        "change_message": "[{\"changed\": {\"name\": \"product variant\", \"object\": \"3-Jeans-Blu-M\", \"fields\": [\"Stock\"]}}]"
    }
},
{
    "model": "admin.logentry",
    "pk": 56,
    "fields": {
        "action_time": "2024-11-18T13:23:07.020Z",
        "user": [
            "root@root.it"
        ],
        "content_type": [
            "products",
            "product"
        ],
        "object_id": "3",
        "object_repr": "3-Jeans",
        "action_flag": 2,
        "change_message": "[{\"changed\": {\"name\": \"product variant\", \"object\": \"3-Jeans-Blu-M\", \"fields\": [\"Stock\"]}}]"
    }
},
{
    "model": "admin.logentry",
    "pk": 57,
    "fields": {
        "action_time": "2024-11-18T20:35:34.069Z",
        "user": [
            "root@root.it"
        ],
        "content_type": [
            "products",
            "product"
        ],
        "object_id": "3",
        "object_repr": "3-Jeans",
        "action_flag": 2,
        "change_message": "[{\"changed\": {\"name\": \"product variant\", \"object\": \"3-Jeans-Blu-M\", \"fields\": [\"Stock\"]}}]"
    }
},
{
    "model": "admin.logentry",
    "pk": 58,
    "fields": {
        "action_time": "2024-11-20T15:46:40.262Z",
        "user": [
            "root@root.it"
        ],
        "content_type": [
            "accounts",
            "user"
        ],
        "object_id": "5",
        "object_repr": "fsj@fajdsk.co",
        "action_flag": 2,
        "change_message": "[{\"changed\": {\"fields\": [\"Password\"]}}]"
    }
},
{
    "model": "admin.logentry",
    "pk": 59,
    "fields": {
        "action_time": "2024-11-20T17:21:29.720Z",
        "user": [
            "root@root.it"
        ],
        "content_type": [
            "products",
            "productcolor"
        ],
        "object_id": "2",
        "object_repr": "1-T-Shirt-Verde",
        "action_flag": 2,
        "change_message": "[{\"added\": {\"name\": \"product image\", \"object\": \"1-T-Shirt-Verde-products/Barack_obama.jpg\"}}, {\"changed\": {\"name\": \"product image\", \"object\": \"1-T-Shirt-Verde-products/09598151926-a1_hSqUgPh.webp\", \"fields\": [\"Position\"]}}]"
    }
},
{
    "model": "admin.logentry",
    "pk": 60,
    "fields": {
        "action_time": "2024-11-20T17:52:42.855Z",
        "user": [
            "root@root.it"
        ],
        "content_type": [
            "products",
            "product"
        ],
        "object_id": "1",
        "object_repr": "1-T-Shirt",
        "action_flag": 2,
        "change_message": "[{\"deleted\": {\"name\": \"product image\", \"object\": \"1-T-Shirt-Verde-products/Barack_obama.jpg\"}}]"
    }
},
{
    "model": "admin.logentry",
    "pk": 61,
    "fields": {
        "action_time": "2024-11-21T07:31:30.701Z",
        "user": [
            "root@root.it"
        ],
        "content_type": [
            "products",
            "productcolor"
        ],
        "object_id": "1",
        "object_repr": "1-T-Shirt-Rosso",
        "action_flag": 2,
        "change_message": "[{\"added\": {\"name\": \"product image\", \"object\": \"1-T-Shirt-Rosso-products/Barack_obama.jpg\"}}]"
    }
},
{
    "model": "admin.logentry",
    "pk": 62,
    "fields": {
        "action_time": "2024-11-21T07:31:37.121Z",
        "user": [
            "root@root.it"
        ],
        "content_type": [
            "products",
            "productcolor"
        ],
        "object_id": "1",
        "object_repr": "1-T-Shirt-Rosso",
        "action_flag": 2,
        "change_message": "[{\"changed\": {\"name\": \"product image\", \"object\": \"1-T-Shirt-Rosso-products/09598151926-p_ZMOpe17.webp\", \"fields\": [\"Position\"]}}, {\"changed\": {\"name\": \"product image\", \"object\": \"1-T-Shirt-Rosso-products/Barack_obama.jpg\", \"fields\": [\"Position\"]}}]"
    }
},
{
    "model": "admin.logentry",
    "pk": 63,
    "fields": {
        "action_time": "2024-11-21T07:31:41.435Z",
        "user": [
            "root@root.it"
        ],
        "content_type": [
            "products",
            "productcolor"
        ],
        "object_id": "1",
        "object_repr": "1-T-Shirt-Rosso",
        "action_flag": 2,
        "change_message": "[{\"changed\": {\"name\": \"product image\", \"object\": \"1-T-Shirt-Rosso-products/Barack_obama.jpg\", \"fields\": [\"Position\"]}}, {\"changed\": {\"name\": \"product image\", \"object\": \"1-T-Shirt-Rosso-products/09598151926-p_ZMOpe17.webp\", \"fields\": [\"Position\"]}}]"
    }
},
{
    "model": "admin.logentry",
    "pk": 64,
    "fields": {
        "action_time": "2024-11-21T07:40:16.069Z",
        "user": [
            "root@root.it"
        ],
        "content_type": [
            "products",
            "product"
        ],
        "object_id": "1",
        "object_repr": "1-T-Shirt",
        "action_flag": 2,
        "change_message": "[]"
    }
},
{
    "model": "admin.logentry",
    "pk": 65,
    "fields": {
        "action_time": "2024-11-21T07:49:26.310Z",
        "user": [
            "root@root.it"
        ],
        "content_type": [
            "products",
            "product"
        ],
        "object_id": "1",
        "object_repr": "1-T-Shirt",
        "action_flag": 2,
        "change_message": "[]"
    }
},
{
    "model": "admin.logentry",
    "pk": 66,
    "fields": {
        "action_time": "2024-11-21T07:49:35.421Z",
        "user": [
            "root@root.it"
        ],
        "content_type": [
            "products",
            "product"
        ],
        "object_id": "1",
        "object_repr": "1-T-Shirt",
        "action_flag": 2,
        "change_message": "[]"
    }
},
{
    "model": "admin.logentry",
    "pk": 67,
    "fields": {
        "action_time": "2024-11-21T10:51:07.709Z",
        "user": [
            "root@root.it"
        ],
        "content_type": [
            "products",
            "productcolor"
        ],
        "object_id": "1",
        "object_repr": "1-T-Shirt-Rosso",
        "action_flag": 2,
        "change_message": "[{\"changed\": {\"name\": \"product image\", \"object\": \"1-T-Shirt-Rosso-products/09598151926-p_ZMOpe17.webp\", \"fields\": [\"Position\"]}}, {\"changed\": {\"name\": \"product image\", \"object\": \"1-T-Shirt-Rosso-products/Barack_obama.jpg\", \"fields\": [\"Position\"]}}]"
    }
},
{
    "model": "admin.logentry",
    "pk": 68,
    "fields": {
        "action_time": "2024-11-21T10:51:12.707Z",
        "user": [
            "root@root.it"
        ],
        "content_type": [
            "products",
            "productcolor"
        ],
        "object_id": "1",
        "object_repr": "1-T-Shirt-Rosso",
        "action_flag": 2,
        "change_message": "[{\"changed\": {\"name\": \"product image\", \"object\": \"1-T-Shirt-Rosso-products/Barack_obama.jpg\", \"fields\": [\"Position\"]}}, {\"changed\": {\"name\": \"product image\", \"object\": \"1-T-Shirt-Rosso-products/09598151926-p_ZMOpe17.webp\", \"fields\": [\"Position\"]}}]"
    }
},
{
    "model": "admin.logentry",
    "pk": 69,
    "fields": {
        "action_time": "2024-11-21T10:54:55.693Z",
        "user": [
            "root@root.it"
        ],
        "content_type": [
            "products",
            "productcolor"
        ],
        "object_id": "1",
        "object_repr": "1-T-Shirt-Rosso",
        "action_flag": 2,
        "change_message": "[{\"deleted\": {\"name\": \"product image\", \"object\": \"1-T-Shirt-Rosso-products/Barack_obama.jpg\"}}]"
    }
},
{
    "model": "admin.logentry",
    "pk": 70,
    "fields": {
        "action_time": "2024-11-21T12:13:20Z",
        "user": [
            "root@root.it"
        ],
        "content_type": [
            "products",
            "review"
        ],
        "object_id": "1",
        "object_repr": "Review object (1)",
        "action_flag": 1,
        "change_message": "[{\"added\": {}}]"
    }
},
{
    "model": "admin.logentry",
    "pk": 71,
    "fields": {
        "action_time": "2024-11-21T17:17:49.548Z",
        "user": [
            "root@root.it"
        ],
        "content_type": [
            "products",
            "category"
        ],
        "object_id": "1",
        "object_repr": "Uomo",
        "action_flag": 2,
        "change_message": "[{\"changed\": {\"fields\": [\"Image\"]}}]"
    }
},
{
    "model": "admin.logentry",
    "pk": 72,
    "fields": {
        "action_time": "2024-11-21T17:17:55.562Z",
        "user": [
            "root@root.it"
        ],
        "content_type": [
            "products",
            "category"
        ],
        "object_id": "2",
        "object_repr": "Donna",
        "action_flag": 2,
        "change_message": "[{\"changed\": {\"fields\": [\"Image\"]}}]"
    }
},
{
    "model": "admin.logentry",
    "pk": 73,
    "fields": {
        "action_time": "2024-11-21T17:18:02.594Z",
        "user": [
            "root@root.it"
        ],
        "content_type": [
            "products",
            "category"
        ],
        "object_id": "3",
        "object_repr": "Bambini",
        "action_flag": 2,
        "change_message": "[{\"changed\": {\"fields\": [\"Image\"]}}]"
    }
},
{
    "model": "admin.logentry",
    "pk": 74,
    "fields": {
        "action_time": "2024-11-22T00:09:16.815Z",
        "user": [
            "root@root.it"
        ],
        "content_type": [
            "products",
            "category"
        ],
        "object_id": "1",
        "object_repr": "Uomo",
        "action_flag": 2,
        "change_message": "[{\"changed\": {\"fields\": [\"Image\"]}}]"
    }
},
{
    "model": "admin.logentry",
    "pk": 75,
    "fields": {
        "action_time": "2024-11-22T00:09:22.900Z",
        "user": [
            "root@root.it"
        ],
        "content_type": [
            "products",
            "category"
        ],
        "object_id": "1",
        "object_repr": "Uomo",
        "action_flag": 2,
        "change_message": "[{\"changed\": {\"fields\": [\"Image\"]}}]"
    }
},
{
    "model": "admin.logentry",
    "pk": 76,
    "fields": {
        "action_time": "2024-11-22T00:09:26.216Z",
        "user": [
            "root@root.it"
        ],
        "content_type": [
            "products",
            "category"
        ],
        "object_id": "2",
        "object_repr": "Donna",
        "action_flag": 2,
        "change_message": "[{\"changed\": {\"fields\": [\"Image\"]}}]"
    }
},
{
    "model": "admin.logentry",
    "pk": 77,
    "fields": {
        "action_time": "2024-11-22T00:09:33.404Z",
        "user": [
            "root@root.it"
        ],
        "content_type": [
            "products",
            "category"
        ],
        "object_id": "2",
        "object_repr": "Donna",
        "action_flag": 2,
        "change_message": "[{\"changed\": {\"fields\": [\"Image\"]}}]"
    }
},
{
    "model": "admin.logentry",
    "pk": 78,
    "fields": {
        "action_time": "2024-11-22T00:09:36.507Z",
        "user": [
            "root@root.it"
        ],
        "content_type": [
            "products",
            "category"
        ],
        "object_id": "3",
        "object_repr": "Bambini",
        "action_flag": 2,
        "change_message": "[{\"changed\": {\"fields\": [\"Image\"]}}]"
    }
},
{
    "model": "admin.logentry",
    "pk": 79,
    "fields": {
        "action_time": "2024-11-22T00:09:42.349Z",
        "user": [
            "root@root.it"
        ],
        "content_type": [
            "products",
            "category"
        ],
        "object_id": "3",
        "object_repr": "Bambini",
        "action_flag": 2,
        "change_message": "[{\"changed\": {\"fields\": [\"Image\"]}}]"
    }
},
{
    "model": "admin.logentry",
    "pk": 80,
    "fields": {
        "action_time": "2024-11-21T21:29:23.350Z",
        "user": [
            "root@root.it"
        ],
        "content_type": [
            "products",
            "review"
        ],
        "object_id": "9",
        "object_repr": "Review object (9)",
        "action_flag": 3,
        "change_message": ""
    }
},
{
    "model": "admin.logentry",
    "pk": 81,
    "fields": {
        "action_time": "2024-11-21T21:42:56.260Z",
        "user": [
            "root@root.it"
        ],
        "content_type": [
            "products",
            "review"
        ],
        "object_id": "10",
        "object_repr": "Review object (10)",
        "action_flag": 3,
        "change_message": ""
    }
},
{
    "model": "admin.logentry",
    "pk": 82,
    "fields": {
        "action_time": "2024-11-21T21:45:38.154Z",
        "user": [
            "root@root.it"
        ],
        "content_type": [
            "products",
            "review"
        ],
        "object_id": "11",
        "object_repr": "Review object (11)",
        "action_flag": 3,
        "change_message": ""
    }
},
{
    "model": "admin.logentry",
    "pk": 83,
    "fields": {
        "action_time": "2024-11-21T21:45:48.868Z",
        "user": [
            "root@root.it"
        ],
        "content_type": [
            "products",
            "review"
        ],
        "object_id": "12",
        "object_repr": "Review object (12)",
        "action_flag": 3,
        "change_message": ""
    }
},
{
    "model": "admin.logentry",
    "pk": 84,
    "fields": {
        "action_time": "2024-11-21T21:50:25.765Z",
        "user": [
            "root@root.it"
        ],
        "content_type": [
            "products",
            "review"
        ],
        "object_id": "13",
        "object_repr": "Review object (13)",
        "action_flag": 3,
        "change_message": ""
    }
},
{
    "model": "admin.logentry",
    "pk": 85,
    "fields": {
        "action_time": "2024-11-21T21:53:41.897Z",
        "user": [
            "root@root.it"
        ],
        "content_type": [
            "products",
            "review"
        ],
        "object_id": "14",
        "object_repr": "Review object (14)",
        "action_flag": 3,
        "change_message": ""
    }
},
{
    "model": "admin.logentry",
    "pk": 86,
    "fields": {
        "action_time": "2024-11-21T22:01:08.690Z",
        "user": [
            "root@root.it"
        ],
        "content_type": [
            "products",
            "review"
        ],
        "object_id": "15",
        "object_repr": "Review object (15)",
        "action_flag": 3,
        "change_message": ""
    }
},
{
    "model": "admin.logentry",
    "pk": 87,
    "fields": {
        "action_time": "2024-11-21T22:02:29.331Z",
        "user": [
            "root@root.it"
        ],
        "content_type": [
            "accounts",
            "user"
        ],
        "object_id": "5",
        "object_repr": "fsj@fajdsk.co",
        "action_flag": 2,
        "change_message": "[{\"changed\": {\"fields\": [\"Password\"]}}]"
    }
},
{
    "model": "admin.logentry",
    "pk": 88,
    "fields": {
        "action_time": "2024-11-22T09:13:55.580Z",
        "user": [
            "root@root.it"
        ],
        "content_type": [
            "products",
            "color"
        ],
        "object_id": "5",
        "object_repr": "Nero",
        "action_flag": 1,
        "change_message": "[{\"added\": {}}]"
    }
},
{
    "model": "admin.logentry",
    "pk": 89,
    "fields": {
        "action_time": "2024-11-22T09:14:44.306Z",
        "user": [
            "root@root.it"
        ],
        "content_type": [
            "products",
            "product"
        ],
        "object_id": "5",
        "object_repr": "5-Giubbotto in velluto",
        "action_flag": 1,
        "change_message": "[{\"added\": {}}, {\"added\": {\"name\": \"product color\", \"object\": \"5-Giubbotto in velluto-Nero\"}}, {\"added\": {\"name\": \"product variant\", \"object\": \"5-Giubbotto in velluto-Nero-S\"}}, {\"added\": {\"name\": \"product variant\", \"object\": \"5-Giubbotto in velluto-Nero-M\"}}, {\"added\": {\"name\": \"product variant\", \"object\": \"5-Giubbotto in velluto-Nero-L\"}}, {\"added\": {\"name\": \"product variant\", \"object\": \"5-Giubbotto in velluto-Nero-XL\"}}]"
    }
},
{
    "model": "admin.logentry",
    "pk": 90,
    "fields": {
        "action_time": "2024-11-22T09:16:35.050Z",
        "user": [
            "root@root.it"
        ],
        "content_type": [
            "products",
            "product"
        ],
        "object_id": "5",
        "object_repr": "5-Giubbotto in velluto",
        "action_flag": 2,
        "change_message": "[{\"added\": {\"name\": \"product image\", \"object\": \"5-Giubbotto in velluto-Nero-products/1.jpg\"}}, {\"added\": {\"name\": \"product image\", \"object\": \"5-Giubbotto in velluto-Nero-products/2.jpg\"}}, {\"added\": {\"name\": \"product image\", \"object\": \"5-Giubbotto in velluto-Nero-products/3.jpg\"}}, {\"added\": {\"name\": \"product image\", \"object\": \"5-Giubbotto in velluto-Nero-products/4.jpg\"}}, {\"added\": {\"name\": \"product image\", \"object\": \"5-Giubbotto in velluto-Nero-products/5.jpg\"}}, {\"added\": {\"name\": \"product image\", \"object\": \"5-Giubbotto in velluto-Nero-products/6.jpg\"}}, {\"added\": {\"name\": \"product image\", \"object\": \"5-Giubbotto in velluto-Nero-products/7.jpg\"}}, {\"added\": {\"name\": \"product image\", \"object\": \"5-Giubbotto in velluto-Nero-products/8.jpg\"}}, {\"added\": {\"name\": \"product image\", \"object\": \"5-Giubbotto in velluto-Nero-products/9.jpg\"}}]"
    }
},
{
    "model": "admin.logentry",
    "pk": 91,
    "fields": {
        "action_time": "2024-11-23T18:47:54.242Z",
        "user": [
            "root@root.it"
        ],
        "content_type": [
            "products",
            "category"
        ],
        "object_id": "7",
        "object_repr": "Donna-Ski Collection",
        "action_flag": 1,
        "change_message": "[{\"added\": {}}]"
    }
},
{
    "model": "admin.logentry",
    "pk": 92,
    "fields": {
        "action_time": "2024-11-23T18:51:51.480Z",
        "user": [
            "root@root.it"
        ],
        "content_type": [
            "products",
            "size"
        ],
        "object_id": "6",
        "object_repr": "XS",
        "action_flag": 1,
        "change_message": "[{\"added\": {}}]"
    }
},
{
    "model": "admin.logentry",
    "pk": 93,
    "fields": {
        "action_time": "2024-11-23T18:52:18.599Z",
        "user": [
            "root@root.it"
        ],
        "content_type": [
            "products",
            "product"
        ],
        "object_id": "6",
        "object_repr": "6-TUTA WATER AND WIND PROTECTION RECCO® TECHNOLOGY SKI COLLECTION",
        "action_flag": 1,
        "change_message": "[{\"added\": {}}, {\"added\": {\"name\": \"product color\", \"object\": \"6-TUTA WATER AND WIND PROTECTION RECCO\\u00ae TECHNOLOGY SKI COLLECTION-Nero\"}}, {\"added\": {\"name\": \"product variant\", \"object\": \"6-TUTA WATER AND WIND PROTECTION RECCO\\u00ae TECHNOLOGY SKI COLLECTION-Nero-XS\"}}, {\"added\": {\"name\": \"product variant\", \"object\": \"6-TUTA WATER AND WIND PROTECTION RECCO\\u00ae TECHNOLOGY SKI COLLECTION-Nero-S\"}}, {\"added\": {\"name\": \"product variant\", \"object\": \"6-TUTA WATER AND WIND PROTECTION RECCO\\u00ae TECHNOLOGY SKI COLLECTION-Nero-M\"}}, {\"added\": {\"name\": \"product variant\", \"object\": \"6-TUTA WATER AND WIND PROTECTION RECCO\\u00ae TECHNOLOGY SKI COLLECTION-Nero-L\"}}]"
    }
},
{
    "model": "admin.logentry",
    "pk": 94,
    "fields": {
        "action_time": "2024-11-23T18:54:22.636Z",
        "user": [
            "root@root.it"
        ],
        "content_type": [
            "products",
            "product"
        ],
        "object_id": "6",
        "object_repr": "6-TUTA WATER AND WIND PROTECTION RECCO® TECHNOLOGY SKI COLLECTION",
        "action_flag": 2,
        "change_message": "[{\"added\": {\"name\": \"product image\", \"object\": \"6-TUTA WATER AND WIND PROTECTION RECCO\\u00ae TECHNOLOGY SKI COLLECTION-Nero-products/1_BwQsvdQ.jpg\"}}, {\"added\": {\"name\": \"product image\", \"object\": \"6-TUTA WATER AND WIND PROTECTION RECCO\\u00ae TECHNOLOGY SKI COLLECTION-Nero-products/2_yKOT3jX.jpg\"}}, {\"added\": {\"name\": \"product image\", \"object\": \"6-TUTA WATER AND WIND PROTECTION RECCO\\u00ae TECHNOLOGY SKI COLLECTION-Nero-products/3_AH8RBE6.jpg\"}}, {\"added\": {\"name\": \"product image\", \"object\": \"6-TUTA WATER AND WIND PROTECTION RECCO\\u00ae TECHNOLOGY SKI COLLECTION-Nero-products/4_kzlZ3oK.jpg\"}}, {\"added\": {\"name\": \"product image\", \"object\": \"6-TUTA WATER AND WIND PROTECTION RECCO\\u00ae TECHNOLOGY SKI COLLECTION-Nero-products/5_YhHcKGL.jpg\"}}, {\"added\": {\"name\": \"product image\", \"object\": \"6-TUTA WATER AND WIND PROTECTION RECCO\\u00ae TECHNOLOGY SKI COLLECTION-Nero-products/6_lW7deUW.jpg\"}}, {\"added\": {\"name\": \"product image\", \"object\": \"6-TUTA WATER AND WIND PROTECTION RECCO\\u00ae TECHNOLOGY SKI COLLECTION-Nero-products/7_Gwim8Tp.jpg\"}}, {\"added\": {\"name\": \"product image\", \"object\": \"6-TUTA WATER AND WIND PROTECTION RECCO\\u00ae TECHNOLOGY SKI COLLECTION-Nero-products/8_sY9DNQa.jpg\"}}]"
    }
},
{
    "model": "admin.logentry",
    "pk": 95,
    "fields": {
        "action_time": "2024-11-23T18:55:00.215Z",
        "user": [
            "root@root.it"
        ],
        "content_type": [
            "products",
            "product"
        ],
        "object_id": "6",
        "object_repr": "6-Tuta Water and Wind Protection",
        "action_flag": 2,
        "change_message": "[{\"changed\": {\"fields\": [\"Name\"]}}]"
    }
},
{
    "model": "admin.logentry",
    "pk": 96,
    "fields": {
        "action_time": "2024-11-23T18:56:52.784Z",
        "user": [
            "root@root.it"
        ],
        "content_type": [
            "products",
            "category"
        ],
        "object_id": "8",
        "object_repr": "Donna-T-Shirt",
        "action_flag": 1,
        "change_message": "[{\"added\": {}}]"
    }
},
{
    "model": "admin.logentry",
    "pk": 97,
    "fields": {
        "action_time": "2024-11-23T18:57:09.639Z",
        "user": [
            "root@root.it"
        ],
        "content_type": [
            "products",
            "color"
        ],
        "object_id": "6",
        "object_repr": "Bianco",
        "action_flag": 1,
        "change_message": "[{\"added\": {}}]"
    }
},
{
    "model": "admin.logentry",
    "pk": 98,
    "fields": {
        "action_time": "2024-11-23T18:57:30.241Z",
        "user": [
            "root@root.it"
        ],
        "content_type": [
            "products",
            "product"
        ],
        "object_id": "7",
        "object_repr": "7-T-Shirt Claudia Schiffer",
        "action_flag": 1,
        "change_message": "[{\"added\": {}}, {\"added\": {\"name\": \"product color\", \"object\": \"7-T-Shirt Claudia Schiffer-Bianco\"}}, {\"added\": {\"name\": \"product variant\", \"object\": \"7-T-Shirt Claudia Schiffer-Bianco-S\"}}, {\"added\": {\"name\": \"product variant\", \"object\": \"7-T-Shirt Claudia Schiffer-Bianco-M\"}}, {\"added\": {\"name\": \"product variant\", \"object\": \"7-T-Shirt Claudia Schiffer-Bianco-L\"}}, {\"added\": {\"name\": \"product variant\", \"object\": \"7-T-Shirt Claudia Schiffer-Bianco-XL\"}}]"
    }
},
{
    "model": "admin.logentry",
    "pk": 99,
    "fields": {
        "action_time": "2024-11-23T18:59:05.157Z",
        "user": [
            "root@root.it"
        ],
        "content_type": [
            "products",
            "product"
        ],
        "object_id": "7",
        "object_repr": "7-T-Shirt Claudia Schiffer",
        "action_flag": 2,
        "change_message": "[{\"added\": {\"name\": \"product image\", \"object\": \"7-T-Shirt Claudia Schiffer-Bianco-products/1_vA2DUih.jpg\"}}, {\"added\": {\"name\": \"product image\", \"object\": \"7-T-Shirt Claudia Schiffer-Bianco-products/2_EWwoJvN.jpg\"}}, {\"added\": {\"name\": \"product image\", \"object\": \"7-T-Shirt Claudia Schiffer-Bianco-products/3_1AuXcOh.jpg\"}}, {\"added\": {\"name\": \"product image\", \"object\": \"7-T-Shirt Claudia Schiffer-Bianco-products/4_XwYxvB3.jpg\"}}, {\"added\": {\"name\": \"product image\", \"object\": \"7-T-Shirt Claudia Schiffer-Bianco-products/5_6Ogw6K2.jpg\"}}, {\"added\": {\"name\": \"product image\", \"object\": \"7-T-Shirt Claudia Schiffer-Bianco-products/6_WbKqS6p.jpg\"}}]"
    }
},
{
    "model": "admin.logentry",
    "pk": 100,
    "fields": {
        "action_time": "2024-11-23T18:59:34.435Z",
        "user": [
            "root@root.it"
        ],
        "content_type": [
            "products",
            "category"
        ],
        "object_id": "9",
        "object_repr": "Pantaloni",
        "action_flag": 1,
        "change_message": "[{\"added\": {}}]"
    }
},
{
    "model": "admin.logentry",
    "pk": 101,
    "fields": {
        "action_time": "2024-11-23T18:59:45.457Z",
        "user": [
            "root@root.it"
        ],
        "content_type": [
            "products",
            "category"
        ],
        "object_id": "9",
        "object_repr": "Pantaloni",
        "action_flag": 3,
        "change_message": ""
    }
},
{
    "model": "admin.logentry",
    "pk": 102,
    "fields": {
        "action_time": "2024-11-23T18:59:54.359Z",
        "user": [
            "root@root.it"
        ],
        "content_type": [
            "products",
            "category"
        ],
        "object_id": "10",
        "object_repr": "Donna-Pantaloni",
        "action_flag": 1,
        "change_message": "[{\"added\": {}}]"
    }
},
{
    "model": "admin.logentry",
    "pk": 103,
    "fields": {
        "action_time": "2024-11-23T19:02:12.964Z",
        "user": [
            "root@root.it"
        ],
        "content_type": [
            "products",
            "product"
        ],
        "object_id": "8",
        "object_repr": "8-Pantaloni dritti effetto pelle",
        "action_flag": 1,
        "change_message": "[{\"added\": {}}, {\"added\": {\"name\": \"product color\", \"object\": \"8-Pantaloni dritti effetto pelle-Nero\"}}, {\"added\": {\"name\": \"product variant\", \"object\": \"8-Pantaloni dritti effetto pelle-Nero-XS\"}}, {\"added\": {\"name\": \"product variant\", \"object\": \"8-Pantaloni dritti effetto pelle-Nero-S\"}}, {\"added\": {\"name\": \"product variant\", \"object\": \"8-Pantaloni dritti effetto pelle-Nero-M\"}}, {\"added\": {\"name\": \"product variant\", \"object\": \"8-Pantaloni dritti effetto pelle-Nero-L\"}}, {\"added\": {\"name\": \"product variant\", \"object\": \"8-Pantaloni dritti effetto pelle-Nero-XL\"}}]"
    }
},
{
    "model": "admin.logentry",
    "pk": 104,
    "fields": {
        "action_time": "2024-11-23T19:02:32.371Z",
        "user": [
            "root@root.it"
        ],
        "content_type": [
            "products",
            "product"
        ],
        "object_id": "8",
        "object_repr": "8-Pantaloni dritti effetto pelle",
        "action_flag": 2,
        "change_message": "[{\"added\": {\"name\": \"product image\", \"object\": \"8-Pantaloni dritti effetto pelle-Nero-products/1_Y6TLGLp.jpg\"}}, {\"added\": {\"name\": \"product image\", \"object\": \"8-Pantaloni dritti effetto pelle-Nero-products/2_6qIVxt8.jpg\"}}, {\"added\": {\"name\": \"product image\", \"object\": \"8-Pantaloni dritti effetto pelle-Nero-products/3_G4DuHIz.jpg\"}}, {\"added\": {\"name\": \"product image\", \"object\": \"8-Pantaloni dritti effetto pelle-Nero-products/4_EbiKFGB.jpg\"}}]"
    }
},
{
    "model": "admin.logentry",
    "pk": 105,
    "fields": {
        "action_time": "2024-11-23T19:03:08.601Z",
        "user": [
            "root@root.it"
        ],
        "content_type": [
            "products",
            "size"
        ],
        "object_id": "7",
        "object_repr": "XXS",
        "action_flag": 1,
        "change_message": "[{\"added\": {}}]"
    }
},
{
    "model": "admin.logentry",
    "pk": 106,
    "fields": {
        "action_time": "2024-11-23T19:03:18.517Z",
        "user": [
            "root@root.it"
        ],
        "content_type": [
            "products",
            "product"
        ],
        "object_id": "6",
        "object_repr": "6-Tuta Water and Wind Protection",
        "action_flag": 2,
        "change_message": "[{\"added\": {\"name\": \"product variant\", \"object\": \"6-Tuta Water and Wind Protection-Nero-XXS\"}}]"
    }
},
{
    "model": "admin.logentry",
    "pk": 107,
    "fields": {
        "action_time": "2024-11-23T19:05:49.454Z",
        "user": [
            "root@root.it"
        ],
        "content_type": [
            "products",
            "category"
        ],
        "object_id": "11",
        "object_repr": "Bambini-Bambino",
        "action_flag": 1,
        "change_message": "[{\"added\": {}}]"
    }
},
{
    "model": "admin.logentry",
    "pk": 108,
    "fields": {
        "action_time": "2024-11-23T19:05:54.338Z",
        "user": [
            "root@root.it"
        ],
        "content_type": [
            "products",
            "category"
        ],
        "object_id": "12",
        "object_repr": "Bambini-Bambina",
        "action_flag": 1,
        "change_message": "[{\"added\": {}}]"
    }
},
{
    "model": "admin.logentry",
    "pk": 109,
    "fields": {
        "action_time": "2024-11-23T19:06:01.240Z",
        "user": [
            "root@root.it"
        ],
        "content_type": [
            "products",
            "category"
        ],
        "object_id": "13",
        "object_repr": "Bambini-Neonato",
        "action_flag": 1,
        "change_message": "[{\"added\": {}}]"
    }
},
{
    "model": "admin.logentry",
    "pk": 110,
    "fields": {
        "action_time": "2024-11-23T19:06:23.186Z",
        "user": [
            "root@root.it"
        ],
        "content_type": [
            "products",
            "category"
        ],
        "object_id": "14",
        "object_repr": "Bambina-Bambini-1½ - 6 anni",
        "action_flag": 1,
        "change_message": "[{\"added\": {}}]"
    }
},
{
    "model": "admin.logentry",
    "pk": 111,
    "fields": {
        "action_time": "2024-11-23T19:06:27.825Z",
        "user": [
            "root@root.it"
        ],
        "content_type": [
            "products",
            "category"
        ],
        "object_id": "15",
        "object_repr": "Bambino-Bambini-1½ - 6 anni",
        "action_flag": 1,
        "change_message": "[{\"added\": {}}]"
    }
},
{
    "model": "admin.logentry",
    "pk": 112,
    "fields": {
        "action_time": "2024-11-23T19:07:26.531Z",
        "user": [
            "root@root.it"
        ],
        "content_type": [
            "products",
            "category"
        ],
        "object_id": "15",
        "object_repr": "Bambino-Bambini-1½ - 6 anni",
        "action_flag": 3,
        "change_message": ""
    }
},
{
    "model": "admin.logentry",
    "pk": 113,
    "fields": {
        "action_time": "2024-11-23T19:07:29.530Z",
        "user": [
            "root@root.it"
        ],
        "content_type": [
            "products",
            "category"
        ],
        "object_id": "14",
        "object_repr": "Bambina-Bambini-1½ - 6 anni",
        "action_flag": 3,
        "change_message": ""
    }
},
{
    "model": "admin.logentry",
    "pk": 114,
    "fields": {
        "action_time": "2024-11-23T19:08:43.604Z",
        "user": [
            "root@root.it"
        ],
        "content_type": [
            "products",
            "category"
        ],
        "object_id": "16",
        "object_repr": "Bambino-Bambini-1½ - 6 anni",
        "action_flag": 1,
        "change_message": "[{\"added\": {}}]"
    }
},
{
    "model": "admin.logentry",
    "pk": 115,
    "fields": {
        "action_time": "2024-11-23T19:09:59.418Z",
        "user": [
            "root@root.it"
        ],
        "content_type": [
            "products",
            "category"
        ],
        "object_id": "17",
        "object_repr": "Bambino-Bambini-6 - 14 anni",
        "action_flag": 1,
        "change_message": "[{\"added\": {}}]"
    }
},
{
    "model": "admin.logentry",
    "pk": 116,
    "fields": {
        "action_time": "2024-11-23T19:10:06.478Z",
        "user": [
            "root@root.it"
        ],
        "content_type": [
            "products",
            "category"
        ],
        "object_id": "18",
        "object_repr": "Bambina-Bambini-1½ - 6 anni",
        "action_flag": 1,
        "change_message": "[{\"added\": {}}]"
    }
},
{
    "model": "admin.logentry",
    "pk": 117,
    "fields": {
        "action_time": "2024-11-23T19:10:19.793Z",
        "user": [
            "root@root.it"
        ],
        "content_type": [
            "products",
            "category"
        ],
        "object_id": "19",
        "object_repr": "Bambina-Bambini-6 - 14 anni",
        "action_flag": 1,
        "change_message": "[{\"added\": {}}]"
    }
},
{
    "model": "admin.logentry",
    "pk": 118,
    "fields": {
        "action_time": "2024-11-23T19:13:06.139Z",
        "user": [
            "root@root.it"
        ],
        "content_type": [
            "products",
            "color"
        ],
        "object_id": "7",
        "object_repr": "Grigio mélange",
        "action_flag": 1,
        "change_message": "[{\"added\": {}}]"
    }
},
{
    "model": "admin.logentry",
    "pk": 119,
    "fields": {
        "action_time": "2024-11-23T19:13:52.451Z",
        "user": [
            "root@root.it"
        ],
        "content_type": [
            "products",
            "size"
        ],
        "object_id": "8",
        "object_repr": "6-7 Anni (120 cm)",
        "action_flag": 1,
        "change_message": "[{\"added\": {}}]"
    }
},
{
    "model": "admin.logentry",
    "pk": 120,
    "fields": {
        "action_time": "2024-11-23T19:14:08.718Z",
        "user": [
            "root@root.it"
        ],
        "content_type": [
            "products",
            "size"
        ],
        "object_id": "9",
        "object_repr": "8-9 Anni (130 cm)",
        "action_flag": 1,
        "change_message": "[{\"added\": {}}]"
    }
},
{
    "model": "admin.logentry",
    "pk": 121,
    "fields": {
        "action_time": "2024-11-23T19:14:18.841Z",
        "user": [
            "root@root.it"
        ],
        "content_type": [
            "products",
            "size"
        ],
        "object_id": "10",
        "object_repr": "9-10 Anni (140 cm)",
        "action_flag": 1,
        "change_message": "[{\"added\": {}}]"
    }
},
{
    "model": "admin.logentry",
    "pk": 122,
    "fields": {
        "action_time": "2024-11-23T19:14:36.555Z",
        "user": [
            "root@root.it"
        ],
        "content_type": [
            "products",
            "size"
        ],
        "object_id": "11",
        "object_repr": "11 - 12 Anni (152 cm)",
        "action_flag": 1,
        "change_message": "[{\"added\": {}}]"
    }
},
{
    "model": "admin.logentry",
    "pk": 123,
    "fields": {
        "action_time": "2024-11-23T19:14:44.730Z",
        "user": [
            "root@root.it"
        ],
        "content_type": [
            "products",
            "size"
        ],
        "object_id": "8",
        "object_repr": "6 - 7 Anni (120 cm)",
        "action_flag": 2,
        "change_message": "[{\"changed\": {\"fields\": [\"Name\"]}}]"
    }
},
{
    "model": "admin.logentry",
    "pk": 124,
    "fields": {
        "action_time": "2024-11-23T19:14:48.013Z",
        "user": [
            "root@root.it"
        ],
        "content_type": [
            "products",
            "size"
        ],
        "object_id": "9",
        "object_repr": "8 - 9 Anni (130 cm)",
        "action_flag": 2,
        "change_message": "[{\"changed\": {\"fields\": [\"Name\"]}}]"
    }
},
{
    "model": "admin.logentry",
    "pk": 125,
    "fields": {
        "action_time": "2024-11-23T19:14:51.615Z",
        "user": [
            "root@root.it"
        ],
        "content_type": [
            "products",
            "size"
        ],
        "object_id": "10",
        "object_repr": "9 - 10 Anni (140 cm)",
        "action_flag": 2,
        "change_message": "[{\"changed\": {\"fields\": [\"Name\"]}}]"
    }
},
{
    "model": "admin.logentry",
    "pk": 126,
    "fields": {
        "action_time": "2024-11-23T19:15:07.663Z",
        "user": [
            "root@root.it"
        ],
        "content_type": [
            "products",
            "size"
        ],
        "object_id": "12",
        "object_repr": "13 - 14 Anni (164 cm)",
        "action_flag": 1,
        "change_message": "[{\"added\": {}}]"
    }
},
{
    "model": "admin.logentry",
    "pk": 127,
    "fields": {
        "action_time": "2024-11-23T19:15:52.771Z",
        "user": [
            "root@root.it"
        ],
        "content_type": [
            "products",
            "product"
        ],
        "object_id": "9",
        "object_repr": "9-Felpa combinata con scritta",
        "action_flag": 1,
        "change_message": "[{\"added\": {}}, {\"added\": {\"name\": \"product color\", \"object\": \"9-Felpa combinata con scritta-Grigio m\\u00e9lange\"}}, {\"added\": {\"name\": \"product variant\", \"object\": \"9-Felpa combinata con scritta-Grigio m\\u00e9lange-6 - 7 Anni (120 cm)\"}}, {\"added\": {\"name\": \"product variant\", \"object\": \"9-Felpa combinata con scritta-Grigio m\\u00e9lange-8 - 9 Anni (130 cm)\"}}, {\"added\": {\"name\": \"product variant\", \"object\": \"9-Felpa combinata con scritta-Grigio m\\u00e9lange-9 - 10 Anni (140 cm)\"}}, {\"added\": {\"name\": \"product variant\", \"object\": \"9-Felpa combinata con scritta-Grigio m\\u00e9lange-11 - 12 Anni (152 cm)\"}}, {\"added\": {\"name\": \"product variant\", \"object\": \"9-Felpa combinata con scritta-Grigio m\\u00e9lange-13 - 14 Anni (164 cm)\"}}, {\"added\": {\"name\": \"product image\", \"object\": \"9-Felpa combinata con scritta-Grigio m\\u00e9lange-products/1_fYtZDuS.jpg\"}}, {\"added\": {\"name\": \"product image\", \"object\": \"9-Felpa combinata con scritta-Grigio m\\u00e9lange-products/2_esAmwbZ.jpg\"}}, {\"added\": {\"name\": \"product image\", \"object\": \"9-Felpa combinata con scritta-Grigio m\\u00e9lange-products/3_dQD5UNx.jpg\"}}, {\"added\": {\"name\": \"product image\", \"object\": \"9-Felpa combinata con scritta-Grigio m\\u00e9lange-products/4_1vdfTUI.jpg\"}}]"
    }
},
{
    "model": "admin.logentry",
    "pk": 128,
    "fields": {
        "action_time": "2024-11-23T19:17:22.651Z",
        "user": [
            "root@root.it"
        ],
        "content_type": [
            "orders",
            "order"
        ],
        "object_id": "21",
        "object_repr": "Order object (21)",
        "action_flag": 3,
        "change_message": ""
    }
},
{
    "model": "admin.logentry",
    "pk": 129,
    "fields": {
        "action_time": "2024-11-23T19:17:22.651Z",
        "user": [
            "root@root.it"
        ],
        "content_type": [
            "orders",
            "order"
        ],
        "object_id": "20",
        "object_repr": "Order object (20)",
        "action_flag": 3,
        "change_message": ""
    }
},
{
    "model": "admin.logentry",
    "pk": 130,
    "fields": {
        "action_time": "2024-11-23T19:17:22.651Z",
        "user": [
            "root@root.it"
        ],
        "content_type": [
            "orders",
            "order"
        ],
        "object_id": "19",
        "object_repr": "Order object (19)",
        "action_flag": 3,
        "change_message": ""
    }
},
{
    "model": "admin.logentry",
    "pk": 131,
    "fields": {
        "action_time": "2024-11-23T19:17:22.651Z",
        "user": [
            "root@root.it"
        ],
        "content_type": [
            "orders",
            "order"
        ],
        "object_id": "18",
        "object_repr": "Order object (18)",
        "action_flag": 3,
        "change_message": ""
    }
},
{
    "model": "admin.logentry",
    "pk": 132,
    "fields": {
        "action_time": "2024-11-23T19:17:22.651Z",
        "user": [
            "root@root.it"
        ],
        "content_type": [
            "orders",
            "order"
        ],
        "object_id": "17",
        "object_repr": "Order object (17)",
        "action_flag": 3,
        "change_message": ""
    }
},
{
    "model": "admin.logentry",
    "pk": 133,
    "fields": {
        "action_time": "2024-11-23T19:17:22.651Z",
        "user": [
            "root@root.it"
        ],
        "content_type": [
            "orders",
            "order"
        ],
        "object_id": "16",
        "object_repr": "Order object (16)",
        "action_flag": 3,
        "change_message": ""
    }
},
{
    "model": "admin.logentry",
    "pk": 134,
    "fields": {
        "action_time": "2024-11-23T19:17:22.651Z",
        "user": [
            "root@root.it"
        ],
        "content_type": [
            "orders",
            "order"
        ],
        "object_id": "15",
        "object_repr": "Order object (15)",
        "action_flag": 3,
        "change_message": ""
    }
},
{
    "model": "admin.logentry",
    "pk": 135,
    "fields": {
        "action_time": "2024-11-23T19:17:22.651Z",
        "user": [
            "root@root.it"
        ],
        "content_type": [
            "orders",
            "order"
        ],
        "object_id": "14",
        "object_repr": "Order object (14)",
        "action_flag": 3,
        "change_message": ""
    }
},
{
    "model": "admin.logentry",
    "pk": 136,
    "fields": {
        "action_time": "2024-11-23T19:17:22.651Z",
        "user": [
            "root@root.it"
        ],
        "content_type": [
            "orders",
            "order"
        ],
        "object_id": "13",
        "object_repr": "Order object (13)",
        "action_flag": 3,
        "change_message": ""
    }
},
{
    "model": "admin.logentry",
    "pk": 137,
    "fields": {
        "action_time": "2024-11-23T19:17:22.651Z",
        "user": [
            "root@root.it"
        ],
        "content_type": [
            "orders",
            "order"
        ],
        "object_id": "12",
        "object_repr": "Order object (12)",
        "action_flag": 3,
        "change_message": ""
    }
},
{
    "model": "admin.logentry",
    "pk": 138,
    "fields": {
        "action_time": "2024-11-23T19:17:22.651Z",
        "user": [
            "root@root.it"
        ],
        "content_type": [
            "orders",
            "order"
        ],
        "object_id": "11",
        "object_repr": "Order object (11)",
        "action_flag": 3,
        "change_message": ""
    }
},
{
    "model": "admin.logentry",
    "pk": 139,
    "fields": {
        "action_time": "2024-11-23T19:17:22.651Z",
        "user": [
            "root@root.it"
        ],
        "content_type": [
            "orders",
            "order"
        ],
        "object_id": "10",
        "object_repr": "Order object (10)",
        "action_flag": 3,
        "change_message": ""
    }
},
{
    "model": "admin.logentry",
    "pk": 140,
    "fields": {
        "action_time": "2024-11-23T19:17:22.651Z",
        "user": [
            "root@root.it"
        ],
        "content_type": [
            "orders",
            "order"
        ],
        "object_id": "9",
        "object_repr": "Order object (9)",
        "action_flag": 3,
        "change_message": ""
    }
},
{
    "model": "admin.logentry",
    "pk": 141,
    "fields": {
        "action_time": "2024-11-23T19:17:22.651Z",
        "user": [
            "root@root.it"
        ],
        "content_type": [
            "orders",
            "order"
        ],
        "object_id": "8",
        "object_repr": "Order object (8)",
        "action_flag": 3,
        "change_message": ""
    }
},
{
    "model": "admin.logentry",
    "pk": 142,
    "fields": {
        "action_time": "2024-11-23T19:17:22.651Z",
        "user": [
            "root@root.it"
        ],
        "content_type": [
            "orders",
            "order"
        ],
        "object_id": "7",
        "object_repr": "Order object (7)",
        "action_flag": 3,
        "change_message": ""
    }
},
{
    "model": "admin.logentry",
    "pk": 143,
    "fields": {
        "action_time": "2024-11-23T19:17:22.651Z",
        "user": [
            "root@root.it"
        ],
        "content_type": [
            "orders",
            "order"
        ],
        "object_id": "6",
        "object_repr": "Order object (6)",
        "action_flag": 3,
        "change_message": ""
    }
},
{
    "model": "admin.logentry",
    "pk": 144,
    "fields": {
        "action_time": "2024-11-23T19:17:22.651Z",
        "user": [
            "root@root.it"
        ],
        "content_type": [
            "orders",
            "order"
        ],
        "object_id": "5",
        "object_repr": "Order object (5)",
        "action_flag": 3,
        "change_message": ""
    }
},
{
    "model": "admin.logentry",
    "pk": 145,
    "fields": {
        "action_time": "2024-11-23T19:17:22.651Z",
        "user": [
            "root@root.it"
        ],
        "content_type": [
            "orders",
            "order"
        ],
        "object_id": "4",
        "object_repr": "Order object (4)",
        "action_flag": 3,
        "change_message": ""
    }
},
{
    "model": "admin.logentry",
    "pk": 146,
    "fields": {
        "action_time": "2024-11-23T19:17:22.651Z",
        "user": [
            "root@root.it"
        ],
        "content_type": [
            "orders",
            "order"
        ],
        "object_id": "3",
        "object_repr": "Order object (3)",
        "action_flag": 3,
        "change_message": ""
    }
},
{
    "model": "admin.logentry",
    "pk": 147,
    "fields": {
        "action_time": "2024-11-23T19:17:22.651Z",
        "user": [
            "root@root.it"
        ],
        "content_type": [
            "orders",
            "order"
        ],
        "object_id": "2",
        "object_repr": "Order object (2)",
        "action_flag": 3,
        "change_message": ""
    }
},
{
    "model": "admin.logentry",
    "pk": 148,
    "fields": {
        "action_time": "2024-11-23T19:17:22.651Z",
        "user": [
            "root@root.it"
        ],
        "content_type": [
            "orders",
            "order"
        ],
        "object_id": "1",
        "object_repr": "Order object (1)",
        "action_flag": 3,
        "change_message": ""
    }
},
{
    "model": "admin.logentry",
    "pk": 149,
    "fields": {
        "action_time": "2024-11-23T19:17:47.152Z",
        "user": [
            "root@root.it"
        ],
        "content_type": [
            "products",
            "product"
        ],
        "object_id": "4",
        "object_repr": "4-Prodotto inattivo",
        "action_flag": 3,
        "change_message": ""
    }
},
{
    "model": "admin.logentry",
    "pk": 150,
    "fields": {
        "action_time": "2024-11-23T19:17:47.152Z",
        "user": [
            "root@root.it"
        ],
        "content_type": [
            "products",
            "product"
        ],
        "object_id": "3",
        "object_repr": "3-Jeans",
        "action_flag": 3,
        "change_message": ""
    }
},
{
    "model": "admin.logentry",
    "pk": 151,
    "fields": {
        "action_time": "2024-11-23T19:17:47.153Z",
        "user": [
            "root@root.it"
        ],
        "content_type": [
            "products",
            "product"
        ],
        "object_id": "2",
        "object_repr": "2-Felpa",
        "action_flag": 3,
        "change_message": ""
    }
},
{
    "model": "admin.logentry",
    "pk": 152,
    "fields": {
        "action_time": "2024-11-23T19:17:47.153Z",
        "user": [
            "root@root.it"
        ],
        "content_type": [
            "products",
            "product"
        ],
        "object_id": "1",
        "object_repr": "1-T-Shirt",
        "action_flag": 3,
        "change_message": ""
    }
},
{
    "model": "admin.logentry",
    "pk": 153,
    "fields": {
        "action_time": "2024-11-23T19:23:24.396Z",
        "user": [
            "root@root.it"
        ],
        "content_type": [
            "products",
            "category"
        ],
        "object_id": "20",
        "object_repr": "Bambini - Bambina - 6 - 14 anni - Magliette",
        "action_flag": 1,
        "change_message": "[{\"added\": {}}]"
    }
},
{
    "model": "admin.logentry",
    "pk": 154,
    "fields": {
        "action_time": "2024-11-23T19:25:24.365Z",
        "user": [
            "root@root.it"
        ],
        "content_type": [
            "products",
            "color"
        ],
        "object_id": "8",
        "object_repr": "Écru",
        "action_flag": 1,
        "change_message": "[{\"added\": {}}]"
    }
},
{
    "model": "admin.logentry",
    "pk": 155,
    "fields": {
        "action_time": "2024-11-23T19:26:44.641Z",
        "user": [
            "root@root.it"
        ],
        "content_type": [
            "products",
            "color"
        ],
        "object_id": "8",
        "object_repr": "Écru",
        "action_flag": 2,
        "change_message": "[{\"changed\": {\"fields\": [\"Hex\"]}}]"
    }
},
{
    "model": "admin.logentry",
    "pk": 156,
    "fields": {
        "action_time": "2024-11-23T19:27:46.732Z",
        "user": [
            "root@root.it"
        ],
        "content_type": [
            "products",
            "product"
        ],
        "object_id": "10",
        "object_repr": "10-Maglietta numero pizzo",
        "action_flag": 1,
        "change_message": "[{\"added\": {}}, {\"added\": {\"name\": \"product color\", \"object\": \"10-Maglietta numero pizzo-\\u00c9cru\"}}, {\"added\": {\"name\": \"product variant\", \"object\": \"10-Maglietta numero pizzo-\\u00c9cru-6 - 7 Anni (120 cm)\"}}, {\"added\": {\"name\": \"product variant\", \"object\": \"10-Maglietta numero pizzo-\\u00c9cru-8 - 9 Anni (130 cm)\"}}, {\"added\": {\"name\": \"product variant\", \"object\": \"10-Maglietta numero pizzo-\\u00c9cru-9 - 10 Anni (140 cm)\"}}, {\"added\": {\"name\": \"product variant\", \"object\": \"10-Maglietta numero pizzo-\\u00c9cru-11 - 12 Anni (152 cm)\"}}, {\"added\": {\"name\": \"product variant\", \"object\": \"10-Maglietta numero pizzo-\\u00c9cru-13 - 14 Anni (164 cm)\"}}, {\"added\": {\"name\": \"product image\", \"object\": \"10-Maglietta numero pizzo-\\u00c9cru-products/1_hG2VwT4.jpg\"}}, {\"added\": {\"name\": \"product image\", \"object\": \"10-Maglietta numero pizzo-\\u00c9cru-products/2_WkS5Dqp.jpg\"}}, {\"added\": {\"name\": \"product image\", \"object\": \"10-Maglietta numero pizzo-\\u00c9cru-products/3_X20n4eu.jpg\"}}, {\"added\": {\"name\": \"product image\", \"object\": \"10-Maglietta numero pizzo-\\u00c9cru-products/4_1FAOdOS.jpg\"}}]"
    }
},
{
    "model": "admin.logentry",
    "pk": 157,
    "fields": {
        "action_time": "2024-11-23T19:30:09.687Z",
        "user": [
            "root@root.it"
        ],
        "content_type": [
            "products",
            "color"
        ],
        "object_id": "9",
        "object_repr": "Blu chiaro",
        "action_flag": 1,
        "change_message": "[{\"added\": {}}]"
    }
},
{
    "model": "admin.logentry",
    "pk": 158,
    "fields": {
        "action_time": "2024-11-23T19:30:43.121Z",
        "user": [
            "root@root.it"
        ],
        "content_type": [
            "products",
            "color"
        ],
        "object_id": "10",
        "object_repr": "Grigio",
        "action_flag": 1,
        "change_message": "[{\"added\": {}}]"
    }
},
{
    "model": "admin.logentry",
    "pk": 159,
    "fields": {
        "action_time": "2024-11-23T19:31:16.010Z",
        "user": [
            "root@root.it"
        ],
        "content_type": [
            "products",
            "color"
        ],
        "object_id": "11",
        "object_repr": "Kaiki",
        "action_flag": 1,
        "change_message": "[{\"added\": {}}]"
    }
},
{
    "model": "admin.logentry",
    "pk": 160,
    "fields": {
        "action_time": "2024-11-23T19:31:29.516Z",
        "user": [
            "root@root.it"
        ],
        "content_type": [
            "products",
            "color"
        ],
        "object_id": "5",
        "object_repr": "Nero",
        "action_flag": 2,
        "change_message": "[{\"changed\": {\"fields\": [\"Hex\"]}}]"
    }
},
{
    "model": "admin.logentry",
    "pk": 161,
    "fields": {
        "action_time": "2024-11-23T19:32:44.337Z",
        "user": [
            "root@root.it"
        ],
        "content_type": [
            "products",
            "color"
        ],
        "object_id": "5",
        "object_repr": "Nero",
        "action_flag": 2,
        "change_message": "[{\"changed\": {\"fields\": [\"Hex\"]}}]"
    }
},
{
    "model": "admin.logentry",
    "pk": 162,
    "fields": {
        "action_time": "2024-11-23T19:34:07.610Z",
        "user": [
            "root@root.it"
        ],
        "content_type": [
            "products",
            "size"
        ],
        "object_id": "5",
        "object_repr": "46",
        "action_flag": 3,
        "change_message": ""
    }
},
{
    "model": "admin.logentry",
    "pk": 163,
    "fields": {
        "action_time": "2024-11-23T19:34:28.074Z",
        "user": [
            "root@root.it"
        ],
        "content_type": [
            "products",
            "size"
        ],
        "object_id": "13",
        "object_repr": "IT 40 (EUR 34)",
        "action_flag": 1,
        "change_message": "[{\"added\": {}}]"
    }
},
{
    "model": "admin.logentry",
    "pk": 164,
    "fields": {
        "action_time": "2024-11-23T19:34:34.324Z",
        "user": [
            "root@root.it"
        ],
        "content_type": [
            "products",
            "size"
        ],
        "object_id": "14",
        "object_repr": "IT 42 (EUR 36)",
        "action_flag": 1,
        "change_message": "[{\"added\": {}}]"
    }
},
{
    "model": "admin.logentry",
    "pk": 165,
    "fields": {
        "action_time": "2024-11-23T19:34:43.876Z",
        "user": [
            "root@root.it"
        ],
        "content_type": [
            "products",
            "size"
        ],
        "object_id": "15",
        "object_repr": "IT 44 (EUR 38)",
        "action_flag": 1,
        "change_message": "[{\"added\": {}}]"
    }
},
{
    "model": "admin.logentry",
    "pk": 166,
    "fields": {
        "action_time": "2024-11-23T19:34:53.323Z",
        "user": [
            "root@root.it"
        ],
        "content_type": [
            "products",
            "size"
        ],
        "object_id": "16",
        "object_repr": "IT 46 (EUR 40)",
        "action_flag": 1,
        "change_message": "[{\"added\": {}}]"
    }
},
{
    "model": "admin.logentry",
    "pk": 167,
    "fields": {
        "action_time": "2024-11-23T19:35:00.528Z",
        "user": [
            "root@root.it"
        ],
        "content_type": [
            "products",
            "size"
        ],
        "object_id": "17",
        "object_repr": "IT 48 (EUR 42)",
        "action_flag": 1,
        "change_message": "[{\"added\": {}}]"
    }
},
{
    "model": "admin.logentry",
    "pk": 168,
    "fields": {
        "action_time": "2024-11-23T19:35:21.891Z",
        "user": [
            "root@root.it"
        ],
        "content_type": [
            "products",
            "size"
        ],
        "object_id": "18",
        "object_repr": "IT 50 (EUR 44)",
        "action_flag": 1,
        "change_message": "[{\"added\": {}}]"
    }
},
{
    "model": "admin.logentry",
    "pk": 169,
    "fields": {
        "action_time": "2024-11-23T19:35:52.430Z",
        "user": [
            "root@root.it"
        ],
        "content_type": [
            "products",
            "product"
        ],
        "object_id": "11",
        "object_repr": "11-Jean Flared Fit",
        "action_flag": 1,
        "change_message": "[{\"added\": {}}, {\"added\": {\"name\": \"product color\", \"object\": \"11-Jean Flared Fit-Blu chiaro\"}}, {\"added\": {\"name\": \"product color\", \"object\": \"11-Jean Flared Fit-Grigio\"}}, {\"added\": {\"name\": \"product color\", \"object\": \"11-Jean Flared Fit-Nero\"}}, {\"added\": {\"name\": \"product color\", \"object\": \"11-Jean Flared Fit-Kaiki\"}}]"
    }
},
{
    "model": "admin.logentry",
    "pk": 170,
    "fields": {
        "action_time": "2024-11-23T19:37:56.669Z",
        "user": [
            "root@root.it"
        ],
        "content_type": [
            "products",
            "product"
        ],
        "object_id": "11",
        "object_repr": "11-Jean Flared Fit",
        "action_flag": 2,
        "change_message": "[{\"added\": {\"name\": \"product variant\", \"object\": \"11-Jean Flared Fit-Blu chiaro-IT 40 (EUR 34)\"}}, {\"added\": {\"name\": \"product variant\", \"object\": \"11-Jean Flared Fit-Blu chiaro-IT 42 (EUR 36)\"}}, {\"added\": {\"name\": \"product variant\", \"object\": \"11-Jean Flared Fit-Blu chiaro-IT 44 (EUR 38)\"}}, {\"added\": {\"name\": \"product variant\", \"object\": \"11-Jean Flared Fit-Blu chiaro-IT 46 (EUR 40)\"}}, {\"added\": {\"name\": \"product variant\", \"object\": \"11-Jean Flared Fit-Blu chiaro-IT 48 (EUR 42)\"}}, {\"added\": {\"name\": \"product variant\", \"object\": \"11-Jean Flared Fit-Blu chiaro-IT 50 (EUR 44)\"}}, {\"added\": {\"name\": \"product variant\", \"object\": \"11-Jean Flared Fit-Grigio-IT 40 (EUR 34)\"}}, {\"added\": {\"name\": \"product variant\", \"object\": \"11-Jean Flared Fit-Grigio-IT 42 (EUR 36)\"}}, {\"added\": {\"name\": \"product variant\", \"object\": \"11-Jean Flared Fit-Grigio-IT 44 (EUR 38)\"}}, {\"added\": {\"name\": \"product variant\", \"object\": \"11-Jean Flared Fit-Grigio-IT 46 (EUR 40)\"}}, {\"added\": {\"name\": \"product variant\", \"object\": \"11-Jean Flared Fit-Grigio-IT 48 (EUR 42)\"}}, {\"added\": {\"name\": \"product variant\", \"object\": \"11-Jean Flared Fit-Grigio-IT 50 (EUR 44)\"}}, {\"added\": {\"name\": \"product variant\", \"object\": \"11-Jean Flared Fit-Nero-IT 42 (EUR 36)\"}}, {\"added\": {\"name\": \"product variant\", \"object\": \"11-Jean Flared Fit-Nero-IT 44 (EUR 38)\"}}, {\"added\": {\"name\": \"product variant\", \"object\": \"11-Jean Flared Fit-Nero-IT 46 (EUR 40)\"}}, {\"added\": {\"name\": \"product variant\", \"object\": \"11-Jean Flared Fit-Nero-IT 48 (EUR 42)\"}}, {\"added\": {\"name\": \"product variant\", \"object\": \"11-Jean Flared Fit-Nero-IT 50 (EUR 44)\"}}, {\"added\": {\"name\": \"product variant\", \"object\": \"11-Jean Flared Fit-Kaiki-IT 42 (EUR 36)\"}}, {\"added\": {\"name\": \"product variant\", \"object\": \"11-Jean Flared Fit-Kaiki-IT 44 (EUR 38)\"}}, {\"added\": {\"name\": \"product variant\", \"object\": \"11-Jean Flared Fit-Kaiki-IT 46 (EUR 40)\"}}, {\"added\": {\"name\": \"product variant\", \"object\": \"11-Jean Flared Fit-Kaiki-IT 48 (EUR 42)\"}}, {\"added\": {\"name\": \"product variant\", \"object\": \"11-Jean Flared Fit-Kaiki-IT 50 (EUR 44)\"}}]"
    }
},
{
    "model": "admin.logentry",
    "pk": 171,
    "fields": {
        "action_time": "2024-11-23T19:39:44.785Z",
        "user": [
            "root@root.it"
        ],
        "content_type": [
            "products",
            "product"
        ],
        "object_id": "11",
        "object_repr": "11-Jean Flared Fit",
        "action_flag": 2,
        "change_message": "[{\"added\": {\"name\": \"product image\", \"object\": \"11-Jean Flared Fit-Blu chiaro-products/1_6jn49NO.jpg\"}}, {\"added\": {\"name\": \"product image\", \"object\": \"11-Jean Flared Fit-Blu chiaro-products/2_2hruC1J.jpg\"}}, {\"added\": {\"name\": \"product image\", \"object\": \"11-Jean Flared Fit-Blu chiaro-products/3_O857UIX.jpg\"}}, {\"added\": {\"name\": \"product image\", \"object\": \"11-Jean Flared Fit-Blu chiaro-products/4_GcKnzzX.jpg\"}}, {\"added\": {\"name\": \"product image\", \"object\": \"11-Jean Flared Fit-Blu chiaro-products/5_7ajJZis.jpg\"}}, {\"added\": {\"name\": \"product image\", \"object\": \"11-Jean Flared Fit-Blu chiaro-products/6_NpwMzgE.jpg\"}}, {\"added\": {\"name\": \"product image\", \"object\": \"11-Jean Flared Fit-Blu chiaro-products/7_DCMrgjH.jpg\"}}, {\"added\": {\"name\": \"product image\", \"object\": \"11-Jean Flared Fit-Blu chiaro-products/8_xC0ojR4.jpg\"}}, {\"added\": {\"name\": \"product image\", \"object\": \"11-Jean Flared Fit-Blu chiaro-products/9_tbhHYPd.jpg\"}}]"
    }
},
{
    "model": "admin.logentry",
    "pk": 172,
    "fields": {
        "action_time": "2024-11-23T19:41:14.016Z",
        "user": [
            "root@root.it"
        ],
        "content_type": [
            "products",
            "product"
        ],
        "object_id": "11",
        "object_repr": "11-Jean Flared Fit",
        "action_flag": 2,
        "change_message": "[{\"added\": {\"name\": \"product image\", \"object\": \"11-Jean Flared Fit-Grigio-products/1_qxqyJmR.jpg\"}}, {\"added\": {\"name\": \"product image\", \"object\": \"11-Jean Flared Fit-Grigio-products/2_vq6WwyZ.jpg\"}}, {\"added\": {\"name\": \"product image\", \"object\": \"11-Jean Flared Fit-Grigio-products/3_TOwzdwG.jpg\"}}, {\"added\": {\"name\": \"product image\", \"object\": \"11-Jean Flared Fit-Grigio-products/4_LSMssHr.jpg\"}}, {\"added\": {\"name\": \"product image\", \"object\": \"11-Jean Flared Fit-Grigio-products/5_5XIe7vA.jpg\"}}, {\"added\": {\"name\": \"product image\", \"object\": \"11-Jean Flared Fit-Grigio-products/6_p0FyMt9.jpg\"}}, {\"added\": {\"name\": \"product image\", \"object\": \"11-Jean Flared Fit-Grigio-products/7_ETTnXUG.jpg\"}}, {\"added\": {\"name\": \"product image\", \"object\": \"11-Jean Flared Fit-Grigio-products/8_fHvBJzF.jpg\"}}, {\"added\": {\"name\": \"product image\", \"object\": \"11-Jean Flared Fit-Grigio-products/9_P1SISnk.jpg\"}}]"
    }
},
{
    "model": "admin.logentry",
    "pk": 173,
    "fields": {
        "action_time": "2024-11-23T19:42:32.703Z",
        "user": [
            "root@root.it"
        ],
        "content_type": [
            "products",
            "product"
        ],
        "object_id": "11",
        "object_repr": "11-Jean Flared Fit",
        "action_flag": 2,
        "change_message": "[{\"added\": {\"name\": \"product image\", \"object\": \"11-Jean Flared Fit-Nero-products/1_SgcC8ak.jpg\"}}, {\"added\": {\"name\": \"product image\", \"object\": \"11-Jean Flared Fit-Nero-products/2_rcHrkdH.jpg\"}}, {\"added\": {\"name\": \"product image\", \"object\": \"11-Jean Flared Fit-Nero-products/3_km7eFc1.jpg\"}}, {\"added\": {\"name\": \"product image\", \"object\": \"11-Jean Flared Fit-Nero-products/4_9GTRb4q.jpg\"}}, {\"added\": {\"name\": \"product image\", \"object\": \"11-Jean Flared Fit-Nero-products/5_Sz00fQW.jpg\"}}, {\"added\": {\"name\": \"product image\", \"object\": \"11-Jean Flared Fit-Nero-products/6_7oh55X1.jpg\"}}, {\"added\": {\"name\": \"product image\", \"object\": \"11-Jean Flared Fit-Nero-products/7_6QJ72AK.jpg\"}}, {\"added\": {\"name\": \"product image\", \"object\": \"11-Jean Flared Fit-Nero-products/8_UC2CcJa.jpg\"}}, {\"added\": {\"name\": \"product image\", \"object\": \"11-Jean Flared Fit-Nero-products/9_FJOINBs.jpg\"}}]"
    }
},
{
    "model": "admin.logentry",
    "pk": 174,
    "fields": {
        "action_time": "2024-11-23T19:45:55.617Z",
        "user": [
            "root@root.it"
        ],
        "content_type": [
            "products",
            "brand"
        ],
        "object_id": "4",
        "object_repr": "North Sails",
        "action_flag": 1,
        "change_message": "[{\"added\": {}}]"
    }
},
{
    "model": "admin.logentry",
    "pk": 175,
    "fields": {
        "action_time": "2024-11-24T10:10:07.491Z",
        "user": [
            "root@root.it"
        ],
        "content_type": [
            "products",
            "discount"
        ],
        "object_id": "1",
        "object_repr": "Black Friday-30%",
        "action_flag": 1,
        "change_message": "[{\"added\": {}}]"
    }
},
{
    "model": "admin.logentry",
    "pk": 176,
    "fields": {
        "action_time": "2024-11-24T10:24:26.998Z",
        "user": [
            "root@root.it"
        ],
        "content_type": [
            "products",
            "category"
        ],
        "object_id": "21",
        "object_repr": "Uomo - Maglioni e Cardigan",
        "action_flag": 1,
        "change_message": "[{\"added\": {}}]"
    }
},
{
    "model": "admin.logentry",
    "pk": 177,
    "fields": {
        "action_time": "2024-11-24T10:42:04.708Z",
        "user": [
            "root@root.it"
        ],
        "content_type": [
            "products",
            "color"
        ],
        "object_id": "12",
        "object_repr": "Fossil Melange",
        "action_flag": 1,
        "change_message": "[{\"added\": {}}]"
    }
},
{
    "model": "admin.logentry",
    "pk": 178,
    "fields": {
        "action_time": "2024-11-24T10:44:35.390Z",
        "user": [
            "root@root.it"
        ],
        "content_type": [
            "products",
            "product"
        ],
        "object_id": "12",
        "object_repr": "12-Maglione girocollo in cashmere",
        "action_flag": 1,
        "change_message": "[{\"added\": {}}]"
    }
},
{
    "model": "admin.logentry",
    "pk": 179,
    "fields": {
        "action_time": "2024-11-24T10:44:40.618Z",
        "user": [
            "root@root.it"
        ],
        "content_type": [
            "products",
            "color"
        ],
        "object_id": "12",
        "object_repr": "Fossil Melange",
        "action_flag": 3,
        "change_message": ""
    }
},
{
    "model": "admin.logentry",
    "pk": 180,
    "fields": {
        "action_time": "2024-11-24T10:58:51.917Z",
        "user": [
            "root@root.it"
        ],
        "content_type": [
            "products",
            "color"
        ],
        "object_id": "13",
        "object_repr": "Beige",
        "action_flag": 1,
        "change_message": "[{\"added\": {}}]"
    }
},
{
    "model": "admin.logentry",
    "pk": 181,
    "fields": {
        "action_time": "2024-11-24T10:59:51.071Z",
        "user": [
            "root@root.it"
        ],
        "content_type": [
            "products",
            "color"
        ],
        "object_id": "14",
        "object_repr": "Tortora",
        "action_flag": 1,
        "change_message": "[{\"added\": {}}]"
    }
},
{
    "model": "admin.logentry",
    "pk": 182,
    "fields": {
        "action_time": "2024-11-24T11:01:06.748Z",
        "user": [
            "root@root.it"
        ],
        "content_type": [
            "products",
            "color"
        ],
        "object_id": "15",
        "object_repr": "Army green",
        "action_flag": 1,
        "change_message": "[{\"added\": {}}]"
    }
},
{
    "model": "admin.logentry",
    "pk": 183,
    "fields": {
        "action_time": "2024-11-24T11:01:44.038Z",
        "user": [
            "root@root.it"
        ],
        "content_type": [
            "products",
            "color"
        ],
        "object_id": "14",
        "object_repr": "Taupe",
        "action_flag": 2,
        "change_message": "[{\"changed\": {\"fields\": [\"Name\"]}}]"
    }
},
{
    "model": "admin.logentry",
    "pk": 184,
    "fields": {
        "action_time": "2024-11-24T11:02:37.955Z",
        "user": [
            "root@root.it"
        ],
        "content_type": [
            "products",
            "color"
        ],
        "object_id": "10",
        "object_repr": "Gray",
        "action_flag": 2,
        "change_message": "[{\"changed\": {\"fields\": [\"Name\"]}}]"
    }
},
{
    "model": "admin.logentry",
    "pk": 185,
    "fields": {
        "action_time": "2024-11-24T11:02:48.702Z",
        "user": [
            "root@root.it"
        ],
        "content_type": [
            "products",
            "color"
        ],
        "object_id": "9",
        "object_repr": "Light Blue",
        "action_flag": 2,
        "change_message": "[{\"changed\": {\"fields\": [\"Name\"]}}]"
    }
},
{
    "model": "admin.logentry",
    "pk": 186,
    "fields": {
        "action_time": "2024-11-24T11:02:52.474Z",
        "user": [
            "root@root.it"
        ],
        "content_type": [
            "products",
            "color"
        ],
        "object_id": "15",
        "object_repr": "Army Green",
        "action_flag": 2,
        "change_message": "[{\"changed\": {\"fields\": [\"Name\"]}}]"
    }
},
{
    "model": "admin.logentry",
    "pk": 187,
    "fields": {
        "action_time": "2024-11-24T11:03:34.640Z",
        "user": [
            "root@root.it"
        ],
        "content_type": [
            "products",
            "color"
        ],
        "object_id": "13",
        "object_repr": "Beige",
        "action_flag": 3,
        "change_message": ""
    }
},
{
    "model": "admin.logentry",
    "pk": 188,
    "fields": {
        "action_time": "2024-11-24T11:03:37.474Z",
        "user": [
            "root@root.it"
        ],
        "content_type": [
            "products",
            "color"
        ],
        "object_id": "8",
        "object_repr": "Beige",
        "action_flag": 2,
        "change_message": "[{\"changed\": {\"fields\": [\"Name\"]}}]"
    }
},
{
    "model": "admin.logentry",
    "pk": 189,
    "fields": {
        "action_time": "2024-11-24T11:04:32.487Z",
        "user": [
            "root@root.it"
        ],
        "content_type": [
            "products",
            "product"
        ],
        "object_id": "9",
        "object_repr": "9-Felpa combinata con scritta",
        "action_flag": 2,
        "change_message": "[{\"changed\": {\"name\": \"product color\", \"object\": \"9-Felpa combinata con scritta-Grigio m\\u00e9lange\", \"fields\": [\"Color\"]}}]"
    }
},
{
    "model": "admin.logentry",
    "pk": 190,
    "fields": {
        "action_time": "2024-11-24T11:04:42.042Z",
        "user": [
            "root@root.it"
        ],
        "content_type": [
            "products",
            "color"
        ],
        "object_id": "7",
        "object_repr": "Grigio mélange",
        "action_flag": 3,
        "change_message": ""
    }
},
{
    "model": "admin.logentry",
    "pk": 191,
    "fields": {
        "action_time": "2024-11-24T11:04:47.246Z",
        "user": [
            "root@root.it"
        ],
        "content_type": [
            "products",
            "color"
        ],
        "object_id": "6",
        "object_repr": "White",
        "action_flag": 2,
        "change_message": "[{\"changed\": {\"fields\": [\"Name\"]}}]"
    }
},
{
    "model": "admin.logentry",
    "pk": 192,
    "fields": {
        "action_time": "2024-11-24T11:04:52.087Z",
        "user": [
            "root@root.it"
        ],
        "content_type": [
            "products",
            "color"
        ],
        "object_id": "5",
        "object_repr": "Black",
        "action_flag": 2,
        "change_message": "[{\"changed\": {\"fields\": [\"Name\"]}}]"
    }
},
{
    "model": "admin.logentry",
    "pk": 193,
    "fields": {
        "action_time": "2024-11-24T11:04:58.284Z",
        "user": [
            "root@root.it"
        ],
        "content_type": [
            "products",
            "color"
        ],
        "object_id": "4",
        "object_repr": "Lightweight",
        "action_flag": 3,
        "change_message": ""
    }
},
{
    "model": "admin.logentry",
    "pk": 194,
    "fields": {
        "action_time": "2024-11-24T11:05:01.139Z",
        "user": [
            "root@root.it"
        ],
        "content_type": [
            "products",
            "color"
        ],
        "object_id": "3",
        "object_repr": "Blue",
        "action_flag": 2,
        "change_message": "[{\"changed\": {\"fields\": [\"Name\"]}}]"
    }
},
{
    "model": "admin.logentry",
    "pk": 195,
    "fields": {
        "action_time": "2024-11-24T11:05:05.329Z",
        "user": [
            "root@root.it"
        ],
        "content_type": [
            "products",
            "color"
        ],
        "object_id": "2",
        "object_repr": "Green",
        "action_flag": 2,
        "change_message": "[{\"changed\": {\"fields\": [\"Name\"]}}]"
    }
},
{
    "model": "admin.logentry",
    "pk": 196,
    "fields": {
        "action_time": "2024-11-24T11:05:08.684Z",
        "user": [
            "root@root.it"
        ],
        "content_type": [
            "products",
            "color"
        ],
        "object_id": "1",
        "object_repr": "Red",
        "action_flag": 2,
        "change_message": "[{\"changed\": {\"fields\": [\"Name\"]}}]"
    }
},
{
    "model": "admin.logentry",
    "pk": 197,
    "fields": {
        "action_time": "2024-11-24T11:06:41.301Z",
        "user": [
            "root@root.it"
        ],
        "content_type": [
            "products",
            "color"
        ],
        "object_id": "16",
        "object_repr": "Green Sage",
        "action_flag": 1,
        "change_message": "[{\"added\": {}}]"
    }
},
{
    "model": "admin.logentry",
    "pk": 198,
    "fields": {
        "action_time": "2024-11-24T11:09:05.397Z",
        "user": [
            "root@root.it"
        ],
        "content_type": [
            "products",
            "color"
        ],
        "object_id": "17",
        "object_repr": "Yellow Ocrhe",
        "action_flag": 1,
        "change_message": "[{\"added\": {}}]"
    }
},
{
    "model": "admin.logentry",
    "pk": 199,
    "fields": {
        "action_time": "2024-11-24T11:11:28.934Z",
        "user": [
            "root@root.it"
        ],
        "content_type": [
            "products",
            "color"
        ],
        "object_id": "18",
        "object_repr": "China Blue",
        "action_flag": 1,
        "change_message": "[{\"added\": {}}]"
    }
},
{
    "model": "admin.logentry",
    "pk": 200,
    "fields": {
        "action_time": "2024-11-24T11:11:54.394Z",
        "user": [
            "root@root.it"
        ],
        "content_type": [
            "products",
            "color"
        ],
        "object_id": "19",
        "object_repr": "Ice",
        "action_flag": 1,
        "change_message": "[{\"added\": {}}]"
    }
},
{
    "model": "admin.logentry",
    "pk": 201,
    "fields": {
        "action_time": "2024-11-24T11:12:39.468Z",
        "user": [
            "root@root.it"
        ],
        "content_type": [
            "products",
            "color"
        ],
        "object_id": "20",
        "object_repr": "Navy Blue",
        "action_flag": 1,
        "change_message": "[{\"added\": {}}]"
    }
},
{
    "model": "admin.logentry",
    "pk": 202,
    "fields": {
        "action_time": "2024-11-24T11:13:05.693Z",
        "user": [
            "root@root.it"
        ],
        "content_type": [
            "products",
            "color"
        ],
        "object_id": "21",
        "object_repr": "Medium Gray",
        "action_flag": 1,
        "change_message": "[{\"added\": {}}]"
    }
},
{
    "model": "admin.logentry",
    "pk": 203,
    "fields": {
        "action_time": "2024-11-24T11:14:31.675Z",
        "user": [
            "root@root.it"
        ],
        "content_type": [
            "products",
            "color"
        ],
        "object_id": "22",
        "object_repr": "Orange",
        "action_flag": 1,
        "change_message": "[{\"added\": {}}]"
    }
},
{
    "model": "admin.logentry",
    "pk": 204,
    "fields": {
        "action_time": "2024-11-24T11:17:31.745Z",
        "user": [
            "root@root.it"
        ],
        "content_type": [
            "products",
            "size"
        ],
        "object_id": "19",
        "object_repr": "XXL",
        "action_flag": 1,
        "change_message": "[{\"added\": {}}]"
    }
},
{
    "model": "admin.logentry",
    "pk": 205,
    "fields": {
        "action_time": "2024-11-24T11:17:35.052Z",
        "user": [
            "root@root.it"
        ],
        "content_type": [
            "products",
            "size"
        ],
        "object_id": "20",
        "object_repr": "3XL",
        "action_flag": 1,
        "change_message": "[{\"added\": {}}]"
    }
},
{
    "model": "admin.logentry",
    "pk": 206,
    "fields": {
        "action_time": "2024-11-24T11:18:14.004Z",
        "user": [
            "root@root.it"
        ],
        "content_type": [
            "products",
            "size"
        ],
        "object_id": "21",
        "object_repr": "4XL",
        "action_flag": 1,
        "change_message": "[{\"added\": {}}]"
    }
},
{
    "model": "admin.logentry",
    "pk": 207,
    "fields": {
        "action_time": "2024-11-24T11:18:45.435Z",
        "user": [
            "root@root.it"
        ],
        "content_type": [
            "products",
            "product"
        ],
        "object_id": "12",
        "object_repr": "12-Maglione girocollo in cashmere",
        "action_flag": 2,
        "change_message": "[{\"added\": {\"name\": \"product color\", \"object\": \"12-Maglione girocollo in cashmere-Beige\"}}, {\"added\": {\"name\": \"product variant\", \"object\": \"12-Maglione girocollo in cashmere-Beige-S\"}}, {\"added\": {\"name\": \"product variant\", \"object\": \"12-Maglione girocollo in cashmere-Beige-M\"}}, {\"added\": {\"name\": \"product variant\", \"object\": \"12-Maglione girocollo in cashmere-Beige-L\"}}, {\"added\": {\"name\": \"product variant\", \"object\": \"12-Maglione girocollo in cashmere-Beige-XL\"}}]"
    }
},
{
    "model": "admin.logentry",
    "pk": 208,
    "fields": {
        "action_time": "2024-11-24T11:20:03.974Z",
        "user": [
            "root@root.it"
        ],
        "content_type": [
            "products",
            "product"
        ],
        "object_id": "12",
        "object_repr": "12-Maglione girocollo in cashmere",
        "action_flag": 2,
        "change_message": "[{\"added\": {\"name\": \"product variant\", \"object\": \"12-Maglione girocollo in cashmere-Beige-XXL\"}}, {\"added\": {\"name\": \"product variant\", \"object\": \"12-Maglione girocollo in cashmere-Beige-3XL\"}}, {\"added\": {\"name\": \"product variant\", \"object\": \"12-Maglione girocollo in cashmere-Beige-4XL\"}}, {\"added\": {\"name\": \"product image\", \"object\": \"12-Maglione girocollo in cashmere-Beige-products/1.webp\"}}, {\"added\": {\"name\": \"product image\", \"object\": \"12-Maglione girocollo in cashmere-Beige-products/2.webp\"}}, {\"added\": {\"name\": \"product image\", \"object\": \"12-Maglione girocollo in cashmere-Beige-products/3.webp\"}}, {\"added\": {\"name\": \"product image\", \"object\": \"12-Maglione girocollo in cashmere-Beige-products/4.webp\"}}, {\"added\": {\"name\": \"product image\", \"object\": \"12-Maglione girocollo in cashmere-Beige-products/5.webp\"}}, {\"added\": {\"name\": \"product image\", \"object\": \"12-Maglione girocollo in cashmere-Beige-products/6.webp\"}}]"
    }
},
{
    "model": "admin.logentry",
    "pk": 209,
    "fields": {
        "action_time": "2024-11-24T11:21:39.800Z",
        "user": [
            "root@root.it"
        ],
        "content_type": [
            "products",
            "product"
        ],
        "object_id": "12",
        "object_repr": "12-Maglione girocollo in cashmere",
        "action_flag": 2,
        "change_message": "[{\"added\": {\"name\": \"product color\", \"object\": \"12-Maglione girocollo in cashmere-Taupe\"}}, {\"added\": {\"name\": \"product variant\", \"object\": \"12-Maglione girocollo in cashmere-Taupe-S\"}}, {\"added\": {\"name\": \"product variant\", \"object\": \"12-Maglione girocollo in cashmere-Taupe-M\"}}, {\"added\": {\"name\": \"product variant\", \"object\": \"12-Maglione girocollo in cashmere-Taupe-L\"}}, {\"added\": {\"name\": \"product variant\", \"object\": \"12-Maglione girocollo in cashmere-Taupe-XL\"}}, {\"added\": {\"name\": \"product variant\", \"object\": \"12-Maglione girocollo in cashmere-Taupe-XXL\"}}, {\"added\": {\"name\": \"product variant\", \"object\": \"12-Maglione girocollo in cashmere-Taupe-3XL\"}}, {\"added\": {\"name\": \"product variant\", \"object\": \"12-Maglione girocollo in cashmere-Taupe-4XL\"}}]"
    }
},
{
    "model": "admin.logentry",
    "pk": 210,
    "fields": {
        "action_time": "2024-11-24T11:23:08.522Z",
        "user": [
            "root@root.it"
        ],
        "content_type": [
            "products",
            "product"
        ],
        "object_id": "12",
        "object_repr": "12-Maglione girocollo in cashmere",
        "action_flag": 2,
        "change_message": "[{\"added\": {\"name\": \"product image\", \"object\": \"12-Maglione girocollo in cashmere-Taupe-products/1_srvQGXL.webp\"}}, {\"added\": {\"name\": \"product image\", \"object\": \"12-Maglione girocollo in cashmere-Taupe-products/2_IfcoEkh.webp\"}}, {\"added\": {\"name\": \"product image\", \"object\": \"12-Maglione girocollo in cashmere-Taupe-products/3_pcIDvOy.webp\"}}, {\"added\": {\"name\": \"product image\", \"object\": \"12-Maglione girocollo in cashmere-Taupe-products/4_flk786R.webp\"}}, {\"added\": {\"name\": \"product image\", \"object\": \"12-Maglione girocollo in cashmere-Taupe-products/5_Jpt2Ayo.jpg\"}}, {\"added\": {\"name\": \"product image\", \"object\": \"12-Maglione girocollo in cashmere-Taupe-products/6_8mHC7c8.webp\"}}]"
    }
},
{
    "model": "admin.logentry",
    "pk": 211,
    "fields": {
        "action_time": "2024-11-24T11:25:48.090Z",
        "user": [
            "root@root.it"
        ],
        "content_type": [
            "products",
            "product"
        ],
        "object_id": "12",
        "object_repr": "12-Maglione girocollo in cashmere",
        "action_flag": 2,
        "change_message": "[{\"added\": {\"name\": \"product color\", \"object\": \"12-Maglione girocollo in cashmere-Army Green\"}}, {\"added\": {\"name\": \"product color\", \"object\": \"12-Maglione girocollo in cashmere-Green Sage\"}}, {\"added\": {\"name\": \"product variant\", \"object\": \"12-Maglione girocollo in cashmere-Army Green-S\"}}, {\"added\": {\"name\": \"product variant\", \"object\": \"12-Maglione girocollo in cashmere-Army Green-M\"}}, {\"added\": {\"name\": \"product variant\", \"object\": \"12-Maglione girocollo in cashmere-Army Green-L\"}}, {\"added\": {\"name\": \"product variant\", \"object\": \"12-Maglione girocollo in cashmere-Army Green-XL\"}}, {\"added\": {\"name\": \"product variant\", \"object\": \"12-Maglione girocollo in cashmere-Army Green-XXL\"}}, {\"added\": {\"name\": \"product variant\", \"object\": \"12-Maglione girocollo in cashmere-Army Green-3XL\"}}, {\"added\": {\"name\": \"product variant\", \"object\": \"12-Maglione girocollo in cashmere-Army Green-4XL\"}}, {\"added\": {\"name\": \"product variant\", \"object\": \"12-Maglione girocollo in cashmere-Green Sage-S\"}}, {\"added\": {\"name\": \"product variant\", \"object\": \"12-Maglione girocollo in cashmere-Green Sage-M\"}}, {\"added\": {\"name\": \"product variant\", \"object\": \"12-Maglione girocollo in cashmere-Green Sage-L\"}}, {\"added\": {\"name\": \"product variant\", \"object\": \"12-Maglione girocollo in cashmere-Green Sage-XL\"}}, {\"added\": {\"name\": \"product variant\", \"object\": \"12-Maglione girocollo in cashmere-Green Sage-XXL\"}}, {\"added\": {\"name\": \"product variant\", \"object\": \"12-Maglione girocollo in cashmere-Green Sage-3XL\"}}, {\"added\": {\"name\": \"product variant\", \"object\": \"12-Maglione girocollo in cashmere-Green Sage-4XL\"}}, {\"added\": {\"name\": \"product image\", \"object\": \"12-Maglione girocollo in cashmere-Army Green-products/1_iRCNrYc.webp\"}}, {\"added\": {\"name\": \"product image\", \"object\": \"12-Maglione girocollo in cashmere-Green Sage-products/1_Fc3yDBC.webp\"}}, {\"added\": {\"name\": \"product image\", \"object\": \"12-Maglione girocollo in cashmere-Green Sage-products/2_LuJAUlD.webp\"}}, {\"added\": {\"name\": \"product image\", \"object\": \"12-Maglione girocollo in cashmere-Green Sage-products/3_4ShJQOA.webp\"}}, {\"added\": {\"name\": \"product image\", \"object\": \"12-Maglione girocollo in cashmere-Green Sage-products/4_21VeBnA.webp\"}}, {\"added\": {\"name\": \"product image\", \"object\": \"12-Maglione girocollo in cashmere-Green Sage-products/5_nhKTiah.jpg\"}}, {\"added\": {\"name\": \"product image\", \"object\": \"12-Maglione girocollo in cashmere-Green Sage-products/6_izBH5Gp.webp\"}}]"
    }
},
{
    "model": "admin.logentry",
    "pk": 212,
    "fields": {
        "action_time": "2024-11-24T11:27:24.662Z",
        "user": [
            "root@root.it"
        ],
        "content_type": [
            "products",
            "product"
        ],
        "object_id": "12",
        "object_repr": "12-Maglione girocollo in cashmere",
        "action_flag": 2,
        "change_message": "[{\"added\": {\"name\": \"product color\", \"object\": \"12-Maglione girocollo in cashmere-Yellow Ocrhe\"}}, {\"added\": {\"name\": \"product variant\", \"object\": \"12-Maglione girocollo in cashmere-Yellow Ocrhe-S\"}}, {\"added\": {\"name\": \"product variant\", \"object\": \"12-Maglione girocollo in cashmere-Yellow Ocrhe-M\"}}, {\"added\": {\"name\": \"product variant\", \"object\": \"12-Maglione girocollo in cashmere-Yellow Ocrhe-L\"}}, {\"added\": {\"name\": \"product variant\", \"object\": \"12-Maglione girocollo in cashmere-Yellow Ocrhe-XL\"}}, {\"added\": {\"name\": \"product variant\", \"object\": \"12-Maglione girocollo in cashmere-Yellow Ocrhe-XXL\"}}, {\"added\": {\"name\": \"product variant\", \"object\": \"12-Maglione girocollo in cashmere-Yellow Ocrhe-3XL\"}}, {\"added\": {\"name\": \"product variant\", \"object\": \"12-Maglione girocollo in cashmere-Yellow Ocrhe-4XL\"}}, {\"added\": {\"name\": \"product image\", \"object\": \"12-Maglione girocollo in cashmere-Yellow Ocrhe-products/1_YuiSLR8.webp\"}}, {\"added\": {\"name\": \"product image\", \"object\": \"12-Maglione girocollo in cashmere-Yellow Ocrhe-products/2_VWzUez2.webp\"}}, {\"added\": {\"name\": \"product image\", \"object\": \"12-Maglione girocollo in cashmere-Yellow Ocrhe-products/3_UGOc6rr.webp\"}}, {\"added\": {\"name\": \"product image\", \"object\": \"12-Maglione girocollo in cashmere-Yellow Ocrhe-products/4_uaAUAQ7.jpg\"}}, {\"added\": {\"name\": \"product image\", \"object\": \"12-Maglione girocollo in cashmere-Yellow Ocrhe-products/5_KVX9i4H.webp\"}}]"
    }
},
{
    "model": "admin.logentry",
    "pk": 213,
    "fields": {
        "action_time": "2024-11-24T11:30:00.321Z",
        "user": [
            "root@root.it"
        ],
        "content_type": [
            "products",
            "product"
        ],
        "object_id": "12",
        "object_repr": "12-Maglione girocollo in cashmere",
        "action_flag": 2,
        "change_message": "[{\"added\": {\"name\": \"product color\", \"object\": \"12-Maglione girocollo in cashmere-Orange\"}}, {\"added\": {\"name\": \"product variant\", \"object\": \"12-Maglione girocollo in cashmere-Orange-S\"}}, {\"added\": {\"name\": \"product variant\", \"object\": \"12-Maglione girocollo in cashmere-Orange-M\"}}, {\"added\": {\"name\": \"product variant\", \"object\": \"12-Maglione girocollo in cashmere-Orange-L\"}}, {\"added\": {\"name\": \"product variant\", \"object\": \"12-Maglione girocollo in cashmere-Orange-XL\"}}, {\"added\": {\"name\": \"product variant\", \"object\": \"12-Maglione girocollo in cashmere-Orange-XXL\"}}, {\"added\": {\"name\": \"product variant\", \"object\": \"12-Maglione girocollo in cashmere-Orange-3XL\"}}, {\"added\": {\"name\": \"product variant\", \"object\": \"12-Maglione girocollo in cashmere-Orange-4XL\"}}, {\"added\": {\"name\": \"product image\", \"object\": \"12-Maglione girocollo in cashmere-Orange-products/1_YvDASVu.webp\"}}, {\"added\": {\"name\": \"product image\", \"object\": \"12-Maglione girocollo in cashmere-Orange-products/2_z5yMI7o.webp\"}}, {\"added\": {\"name\": \"product image\", \"object\": \"12-Maglione girocollo in cashmere-Orange-products/3_w4fPy0f.webp\"}}, {\"added\": {\"name\": \"product image\", \"object\": \"12-Maglione girocollo in cashmere-Orange-products/4_nudsxHc.webp\"}}, {\"added\": {\"name\": \"product image\", \"object\": \"12-Maglione girocollo in cashmere-Orange-products/5_toVgjAb.webp\"}}, {\"added\": {\"name\": \"product image\", \"object\": \"12-Maglione girocollo in cashmere-Orange-products/6_eIUd39b.webp\"}}]"
    }
},
{
    "model": "admin.logentry",
    "pk": 214,
    "fields": {
        "action_time": "2024-11-24T11:31:36.930Z",
        "user": [
            "root@root.it"
        ],
        "content_type": [
            "products",
            "product"
        ],
        "object_id": "12",
        "object_repr": "12-Maglione girocollo in cashmere",
        "action_flag": 2,
        "change_message": "[{\"added\": {\"name\": \"product color\", \"object\": \"12-Maglione girocollo in cashmere-China Blue\"}}, {\"added\": {\"name\": \"product variant\", \"object\": \"12-Maglione girocollo in cashmere-China Blue-S\"}}, {\"added\": {\"name\": \"product variant\", \"object\": \"12-Maglione girocollo in cashmere-China Blue-M\"}}, {\"added\": {\"name\": \"product variant\", \"object\": \"12-Maglione girocollo in cashmere-China Blue-L\"}}, {\"added\": {\"name\": \"product variant\", \"object\": \"12-Maglione girocollo in cashmere-China Blue-XL\"}}, {\"added\": {\"name\": \"product variant\", \"object\": \"12-Maglione girocollo in cashmere-China Blue-XXL\"}}, {\"added\": {\"name\": \"product variant\", \"object\": \"12-Maglione girocollo in cashmere-China Blue-3XL\"}}, {\"added\": {\"name\": \"product variant\", \"object\": \"12-Maglione girocollo in cashmere-China Blue-4XL\"}}, {\"added\": {\"name\": \"product image\", \"object\": \"12-Maglione girocollo in cashmere-China Blue-products/1_d6qbJ8a.webp\"}}, {\"added\": {\"name\": \"product image\", \"object\": \"12-Maglione girocollo in cashmere-China Blue-products/2_Ws9gJhV.webp\"}}, {\"added\": {\"name\": \"product image\", \"object\": \"12-Maglione girocollo in cashmere-China Blue-products/3_FmtJFfM.webp\"}}, {\"added\": {\"name\": \"product image\", \"object\": \"12-Maglione girocollo in cashmere-China Blue-products/4_V6NLyF2.webp\"}}, {\"added\": {\"name\": \"product image\", \"object\": \"12-Maglione girocollo in cashmere-China Blue-products/5_rBmGaQF.webp\"}}, {\"added\": {\"name\": \"product image\", \"object\": \"12-Maglione girocollo in cashmere-China Blue-products/6_KOleDZc.webp\"}}]"
    }
},
{
    "model": "admin.logentry",
    "pk": 215,
    "fields": {
        "action_time": "2024-11-24T11:33:20.915Z",
        "user": [
            "root@root.it"
        ],
        "content_type": [
            "products",
            "product"
        ],
        "object_id": "12",
        "object_repr": "12-Maglione girocollo in cashmere",
        "action_flag": 2,
        "change_message": "[{\"added\": {\"name\": \"product color\", \"object\": \"12-Maglione girocollo in cashmere-Ice\"}}, {\"added\": {\"name\": \"product variant\", \"object\": \"12-Maglione girocollo in cashmere-Ice-S\"}}, {\"added\": {\"name\": \"product variant\", \"object\": \"12-Maglione girocollo in cashmere-Ice-M\"}}, {\"added\": {\"name\": \"product variant\", \"object\": \"12-Maglione girocollo in cashmere-Ice-L\"}}, {\"added\": {\"name\": \"product variant\", \"object\": \"12-Maglione girocollo in cashmere-Ice-XL\"}}, {\"added\": {\"name\": \"product variant\", \"object\": \"12-Maglione girocollo in cashmere-Ice-XXL\"}}, {\"added\": {\"name\": \"product variant\", \"object\": \"12-Maglione girocollo in cashmere-Ice-3XL\"}}, {\"added\": {\"name\": \"product variant\", \"object\": \"12-Maglione girocollo in cashmere-Ice-4XL\"}}, {\"added\": {\"name\": \"product image\", \"object\": \"12-Maglione girocollo in cashmere-Ice-products/1_Y3dTp7Q.webp\"}}, {\"added\": {\"name\": \"product image\", \"object\": \"12-Maglione girocollo in cashmere-Ice-products/2_SGizHrv.webp\"}}, {\"added\": {\"name\": \"product image\", \"object\": \"12-Maglione girocollo in cashmere-Ice-products/3_XaAKAnM.webp\"}}, {\"added\": {\"name\": \"product image\", \"object\": \"12-Maglione girocollo in cashmere-Ice-products/4_f9ONwj2.webp\"}}, {\"added\": {\"name\": \"product image\", \"object\": \"12-Maglione girocollo in cashmere-Ice-products/5_VGh0qKf.webp\"}}, {\"added\": {\"name\": \"product image\", \"object\": \"12-Maglione girocollo in cashmere-Ice-products/6_Ce46GWR.webp\"}}]"
    }
},
{
    "model": "admin.logentry",
    "pk": 216,
    "fields": {
        "action_time": "2024-11-24T11:33:50.813Z",
        "user": [
            "root@root.it"
        ],
        "content_type": [
            "products",
            "discount"
        ],
        "object_id": "2",
        "object_repr": "Black Friday-20%",
        "action_flag": 1,
        "change_message": "[{\"added\": {}}]"
    }
},
{
    "model": "admin.logentry",
    "pk": 217,
    "fields": {
        "action_time": "2024-11-24T11:43:01.908Z",
        "user": [
            "root@root.it"
        ],
        "content_type": [
            "products",
            "product"
        ],
        "object_id": "12",
        "object_repr": "12-Maglione girocollo in cashmere",
        "action_flag": 2,
        "change_message": "[{\"added\": {\"name\": \"product color\", \"object\": \"12-Maglione girocollo in cashmere-Navy Blue\"}}, {\"added\": {\"name\": \"product variant\", \"object\": \"12-Maglione girocollo in cashmere-Navy Blue-S\"}}, {\"added\": {\"name\": \"product variant\", \"object\": \"12-Maglione girocollo in cashmere-Navy Blue-M\"}}, {\"added\": {\"name\": \"product variant\", \"object\": \"12-Maglione girocollo in cashmere-Navy Blue-L\"}}, {\"added\": {\"name\": \"product variant\", \"object\": \"12-Maglione girocollo in cashmere-Navy Blue-XL\"}}, {\"added\": {\"name\": \"product variant\", \"object\": \"12-Maglione girocollo in cashmere-Navy Blue-XXL\"}}, {\"added\": {\"name\": \"product variant\", \"object\": \"12-Maglione girocollo in cashmere-Navy Blue-3XL\"}}, {\"added\": {\"name\": \"product variant\", \"object\": \"12-Maglione girocollo in cashmere-Navy Blue-4XL\"}}, {\"added\": {\"name\": \"product image\", \"object\": \"12-Maglione girocollo in cashmere-Navy Blue-products/1_V2bfPst.webp\"}}, {\"added\": {\"name\": \"product image\", \"object\": \"12-Maglione girocollo in cashmere-Navy Blue-products/2_O78IM22.webp\"}}, {\"added\": {\"name\": \"product image\", \"object\": \"12-Maglione girocollo in cashmere-Navy Blue-products/3_AH3COZP.webp\"}}, {\"added\": {\"name\": \"product image\", \"object\": \"12-Maglione girocollo in cashmere-Navy Blue-products/4_VwzWset.webp\"}}, {\"added\": {\"name\": \"product image\", \"object\": \"12-Maglione girocollo in cashmere-Navy Blue-products/5_XXTjeWi.webp\"}}, {\"added\": {\"name\": \"product image\", \"object\": \"12-Maglione girocollo in cashmere-Navy Blue-products/6_R2aS9gC.webp\"}}]"
    }
},
{
    "model": "admin.logentry",
    "pk": 218,
    "fields": {
        "action_time": "2024-11-24T11:44:21.890Z",
        "user": [
            "root@root.it"
        ],
        "content_type": [
            "products",
            "product"
        ],
        "object_id": "12",
        "object_repr": "12-Maglione girocollo in cashmere",
        "action_flag": 2,
        "change_message": "[{\"added\": {\"name\": \"product color\", \"object\": \"12-Maglione girocollo in cashmere-Medium Gray\"}}, {\"added\": {\"name\": \"product variant\", \"object\": \"12-Maglione girocollo in cashmere-Medium Gray-S\"}}, {\"added\": {\"name\": \"product variant\", \"object\": \"12-Maglione girocollo in cashmere-Medium Gray-M\"}}, {\"added\": {\"name\": \"product variant\", \"object\": \"12-Maglione girocollo in cashmere-Medium Gray-L\"}}, {\"added\": {\"name\": \"product variant\", \"object\": \"12-Maglione girocollo in cashmere-Medium Gray-XL\"}}, {\"added\": {\"name\": \"product variant\", \"object\": \"12-Maglione girocollo in cashmere-Medium Gray-XXL\"}}, {\"added\": {\"name\": \"product variant\", \"object\": \"12-Maglione girocollo in cashmere-Medium Gray-3XL\"}}, {\"added\": {\"name\": \"product variant\", \"object\": \"12-Maglione girocollo in cashmere-Medium Gray-4XL\"}}, {\"added\": {\"name\": \"product image\", \"object\": \"12-Maglione girocollo in cashmere-Medium Gray-products/1_1mK3kfq.webp\"}}, {\"added\": {\"name\": \"product image\", \"object\": \"12-Maglione girocollo in cashmere-Medium Gray-products/2_cZxTxSe.webp\"}}, {\"added\": {\"name\": \"product image\", \"object\": \"12-Maglione girocollo in cashmere-Medium Gray-products/3_2VHx3Tz.webp\"}}, {\"added\": {\"name\": \"product image\", \"object\": \"12-Maglione girocollo in cashmere-Medium Gray-products/4_TAWbWw6.webp\"}}, {\"added\": {\"name\": \"product image\", \"object\": \"12-Maglione girocollo in cashmere-Medium Gray-products/5_qnVQRtw.jpg\"}}, {\"added\": {\"name\": \"product image\", \"object\": \"12-Maglione girocollo in cashmere-Medium Gray-products/6_Cb5qAmM.webp\"}}]"
    }
},
{
    "model": "admin.logentry",
    "pk": 219,
    "fields": {
        "action_time": "2024-11-24T12:26:54.424Z",
        "user": [
            "root@root.it"
        ],
        "content_type": [
            "products",
            "category"
        ],
        "object_id": "3",
        "object_repr": "Bambin0",
        "action_flag": 2,
        "change_message": "[{\"changed\": {\"fields\": [\"Name\"]}}]"
    }
},
{
    "model": "admin.logentry",
    "pk": 220,
    "fields": {
        "action_time": "2024-11-24T12:26:57.480Z",
        "user": [
            "root@root.it"
        ],
        "content_type": [
            "products",
            "category"
        ],
        "object_id": "3",
        "object_repr": "Bambino",
        "action_flag": 2,
        "change_message": "[{\"changed\": {\"fields\": [\"Name\"]}}]"
    }
},
{
    "model": "admin.logentry",
    "pk": 221,
    "fields": {
        "action_time": "2024-11-24T12:28:30.882Z",
        "user": [
            "root@root.it"
        ],
        "content_type": [
            "products",
            "category"
        ],
        "object_id": "16",
        "object_repr": "3 - 7 anni",
        "action_flag": 2,
        "change_message": "[{\"changed\": {\"fields\": [\"Name\"]}}]"
    }
},
{
    "model": "admin.logentry",
    "pk": 222,
    "fields": {
        "action_time": "2024-11-24T12:28:37.234Z",
        "user": [
            "root@root.it"
        ],
        "content_type": [
            "products",
            "category"
        ],
        "object_id": "17",
        "object_repr": "8 - 16 anni",
        "action_flag": 2,
        "change_message": "[{\"changed\": {\"fields\": [\"Name\"]}}]"
    }
},
{
    "model": "admin.logentry",
    "pk": 223,
    "fields": {
        "action_time": "2024-11-24T12:28:42.874Z",
        "user": [
            "root@root.it"
        ],
        "content_type": [
            "products",
            "category"
        ],
        "object_id": "18",
        "object_repr": "3 - 6 anni",
        "action_flag": 2,
        "change_message": "[{\"changed\": {\"fields\": [\"Name\"]}}]"
    }
},
{
    "model": "admin.logentry",
    "pk": 224,
    "fields": {
        "action_time": "2024-11-24T12:28:51.965Z",
        "user": [
            "root@root.it"
        ],
        "content_type": [
            "products",
            "category"
        ],
        "object_id": "19",
        "object_repr": "8 - 16 anni",
        "action_flag": 2,
        "change_message": "[{\"changed\": {\"fields\": [\"Name\"]}}]"
    }
},
{
    "model": "admin.logentry",
    "pk": 225,
    "fields": {
        "action_time": "2024-11-24T12:34:54.814Z",
        "user": [
            "root@root.it"
        ],
        "content_type": [
            "products",
            "category"
        ],
        "object_id": "18",
        "object_repr": "3 - 7 anni",
        "action_flag": 2,
        "change_message": "[{\"changed\": {\"fields\": [\"Name\"]}}]"
    }
},
{
    "model": "admin.logentry",
    "pk": 226,
    "fields": {
        "action_time": "2024-11-24T12:36:04.007Z",
        "user": [
            "root@root.it"
        ],
        "content_type": [
            "products",
            "category"
        ],
        "object_id": "22",
        "object_repr": "Neonato",
        "action_flag": 1,
        "change_message": "[{\"added\": {}}]"
    }
},
{
    "model": "admin.logentry",
    "pk": 227,
    "fields": {
        "action_time": "2024-11-24T12:36:06.855Z",
        "user": [
            "root@root.it"
        ],
        "content_type": [
            "products",
            "category"
        ],
        "object_id": "22",
        "object_repr": "Neonato",
        "action_flag": 2,
        "change_message": "[]"
    }
},
{
    "model": "admin.logentry",
    "pk": 228,
    "fields": {
        "action_time": "2024-11-24T12:36:11.876Z",
        "user": [
            "root@root.it"
        ],
        "content_type": [
            "products",
            "category"
        ],
        "object_id": "23",
        "object_repr": "Neonata",
        "action_flag": 1,
        "change_message": "[{\"added\": {}}]"
    }
},
{
    "model": "admin.logentry",
    "pk": 229,
    "fields": {
        "action_time": "2024-11-24T12:46:29.115Z",
        "user": [
            "root@root.it"
        ],
        "content_type": [
            "products",
            "category"
        ],
        "object_id": "19",
        "object_repr": "Bambino - Bambina - 8-16 anni",
        "action_flag": 2,
        "change_message": "[{\"changed\": {\"fields\": [\"Name\"]}}]"
    }
},
{
    "model": "admin.logentry",
    "pk": 230,
    "fields": {
        "action_time": "2024-11-24T12:46:35.436Z",
        "user": [
            "root@root.it"
        ],
        "content_type": [
            "products",
            "category"
        ],
        "object_id": "16",
        "object_repr": "Bambino - Bambino - 3- 7 anni",
        "action_flag": 2,
        "change_message": "[{\"changed\": {\"fields\": [\"Name\"]}}]"
    }
},
{
    "model": "admin.logentry",
    "pk": 231,
    "fields": {
        "action_time": "2024-11-24T12:46:40.544Z",
        "user": [
            "root@root.it"
        ],
        "content_type": [
            "products",
            "category"
        ],
        "object_id": "17",
        "object_repr": "Bambino - Bambino - 8-16 anni",
        "action_flag": 2,
        "change_message": "[{\"changed\": {\"fields\": [\"Name\"]}}]"
    }
},
{
    "model": "admin.logentry",
    "pk": 232,
    "fields": {
        "action_time": "2024-11-24T12:46:45.308Z",
        "user": [
            "root@root.it"
        ],
        "content_type": [
            "products",
            "category"
        ],
        "object_id": "18",
        "object_repr": "Bambino - Bambina - 3-7 anni",
        "action_flag": 2,
        "change_message": "[{\"changed\": {\"fields\": [\"Name\"]}}]"
    }
},
{
    "model": "admin.logentry",
    "pk": 233,
    "fields": {
        "action_time": "2024-11-24T12:47:02.235Z",
        "user": [
            "root@root.it"
        ],
        "content_type": [
            "products",
            "category"
        ],
        "object_id": "16",
        "object_repr": "Bambino - Bambino - 3-7 anni",
        "action_flag": 2,
        "change_message": "[{\"changed\": {\"fields\": [\"Name\"]}}]"
    }
},
{
    "model": "admin.logentry",
    "pk": 234,
    "fields": {
        "action_time": "2024-11-24T14:09:27.824Z",
        "user": [
            "root@root.it"
        ],
        "content_type": [
            "products",
            "category"
        ],
        "object_id": "16",
        "object_repr": "3-7 anni",
        "action_flag": 2,
        "change_message": "[{\"changed\": {\"fields\": [\"Name\"]}}]"
    }
},
{
    "model": "admin.logentry",
    "pk": 235,
    "fields": {
        "action_time": "2024-11-24T14:09:38.102Z",
        "user": [
            "root@root.it"
        ],
        "content_type": [
            "products",
            "category"
        ],
        "object_id": "17",
        "object_repr": "8-16 anni",
        "action_flag": 2,
        "change_message": "[{\"changed\": {\"fields\": [\"Name\"]}}]"
    }
},
{
    "model": "admin.logentry",
    "pk": 236,
    "fields": {
        "action_time": "2024-11-24T14:09:44.830Z",
        "user": [
            "root@root.it"
        ],
        "content_type": [
            "products",
            "category"
        ],
        "object_id": "18",
        "object_repr": "3-7 anni",
        "action_flag": 2,
        "change_message": "[{\"changed\": {\"fields\": [\"Name\"]}}]"
    }
},
{
    "model": "admin.logentry",
    "pk": 237,
    "fields": {
        "action_time": "2024-11-24T14:09:51.208Z",
        "user": [
            "root@root.it"
        ],
        "content_type": [
            "products",
            "category"
        ],
        "object_id": "19",
        "object_repr": "8-16 anni",
        "action_flag": 2,
        "change_message": "[{\"changed\": {\"fields\": [\"Name\"]}}]"
    }
},
{
    "model": "admin.logentry",
    "pk": 238,
    "fields": {
        "action_time": "2024-11-24T14:12:44.497Z",
        "user": [
            "root@root.it"
        ],
        "content_type": [
            "products",
            "product"
        ],
        "object_id": "9",
        "object_repr": "9-Felpa combinata con scritta",
        "action_flag": 2,
        "change_message": "[{\"changed\": {\"fields\": [\"categories\"]}}]"
    }
},
{
    "model": "admin.logentry",
    "pk": 239,
    "fields": {
        "action_time": "2024-11-24T14:13:33.058Z",
        "user": [
            "root@root.it"
        ],
        "content_type": [
            "products",
            "category"
        ],
        "object_id": "24",
        "object_repr": "Magliette",
        "action_flag": 1,
        "change_message": "[{\"added\": {}}]"
    }
},
{
    "model": "admin.logentry",
    "pk": 240,
    "fields": {
        "action_time": "2024-11-24T14:13:48.432Z",
        "user": [
            "root@root.it"
        ],
        "content_type": [
            "products",
            "product"
        ],
        "object_id": "10",
        "object_repr": "10-Maglietta numero pizzo",
        "action_flag": 2,
        "change_message": "[{\"changed\": {\"fields\": [\"categories\"]}}]"
    }
},
{
    "model": "admin.logentry",
    "pk": 241,
    "fields": {
        "action_time": "2024-11-24T14:14:15.236Z",
        "user": [
            "root@root.it"
        ],
        "content_type": [
            "products",
            "category"
        ],
        "object_id": "25",
        "object_repr": "Felpe",
        "action_flag": 1,
        "change_message": "[{\"added\": {}}]"
    }
},
{
    "model": "admin.logentry",
    "pk": 242,
    "fields": {
        "action_time": "2024-11-24T14:14:20.839Z",
        "user": [
            "root@root.it"
        ],
        "content_type": [
            "products",
            "category"
        ],
        "object_id": "26",
        "object_repr": "Felpe",
        "action_flag": 1,
        "change_message": "[{\"added\": {}}]"
    }
},
{
    "model": "admin.logentry",
    "pk": 243,
    "fields": {
        "action_time": "2024-11-24T14:14:39.592Z",
        "user": [
            "root@root.it"
        ],
        "content_type": [
            "products",
            "product"
        ],
        "object_id": "9",
        "object_repr": "9-Felpa combinata con scritta",
        "action_flag": 2,
        "change_message": "[{\"changed\": {\"fields\": [\"categories\"]}}]"
    }
},
{
    "model": "admin.logentry",
    "pk": 244,
    "fields": {
        "action_time": "2024-11-24T15:10:43.672Z",
        "user": [
            "root@root.it"
        ],
        "content_type": [
            "products",
            "product"
        ],
        "object_id": "9",
        "object_repr": "9-Felpa combinata con scritta",
        "action_flag": 2,
        "change_message": "[{\"changed\": {\"fields\": [\"Categories\"]}}]"
    }
},
{
    "model": "admin.logentry",
    "pk": 245,
    "fields": {
        "action_time": "2024-11-26T15:29:06.553Z",
        "user": [
            "root@root.it"
        ],
        "content_type": [
            "products",
            "size"
        ],
        "object_id": "8",
        "object_repr": "6-7 Anni (120 cm)",
        "action_flag": 2,
        "change_message": "[{\"changed\": {\"fields\": [\"Name\"]}}]"
    }
},
{
    "model": "admin.logentry",
    "pk": 246,
    "fields": {
        "action_time": "2024-11-26T15:29:10.020Z",
        "user": [
            "root@root.it"
        ],
        "content_type": [
            "products",
            "size"
        ],
        "object_id": "9",
        "object_repr": "8-9 Anni (130 cm)",
        "action_flag": 2,
        "change_message": "[{\"changed\": {\"fields\": [\"Name\"]}}]"
    }
},
{
    "model": "admin.logentry",
    "pk": 247,
    "fields": {
        "action_time": "2024-11-26T15:29:13.253Z",
        "user": [
            "root@root.it"
        ],
        "content_type": [
            "products",
            "size"
        ],
        "object_id": "10",
        "object_repr": "9-10 Anni (140 cm)",
        "action_flag": 2,
        "change_message": "[{\"changed\": {\"fields\": [\"Name\"]}}]"
    }
},
{
    "model": "admin.logentry",
    "pk": 248,
    "fields": {
        "action_time": "2024-11-26T15:29:16.535Z",
        "user": [
            "root@root.it"
        ],
        "content_type": [
            "products",
            "size"
        ],
        "object_id": "11",
        "object_repr": "11-12 Anni (152 cm)",
        "action_flag": 2,
        "change_message": "[{\"changed\": {\"fields\": [\"Name\"]}}]"
    }
},
{
    "model": "admin.logentry",
    "pk": 249,
    "fields": {
        "action_time": "2024-11-26T15:29:19.484Z",
        "user": [
            "root@root.it"
        ],
        "content_type": [
            "products",
            "size"
        ],
        "object_id": "12",
        "object_repr": "13-14 Anni (164 cm)",
        "action_flag": 2,
        "change_message": "[{\"changed\": {\"fields\": [\"Name\"]}}]"
    }
},
{
    "model": "admin.logentry",
    "pk": 250,
    "fields": {
        "action_time": "2024-11-26T20:38:50.683Z",
        "user": [
            "root@root.it"
        ],
        "content_type": [
            "products",
            "product"
        ],
        "object_id": "12",
        "object_repr": "12-Maglione girocollo in cashmere",
        "action_flag": 2,
        "change_message": "[{\"changed\": {\"name\": \"product color\", \"object\": \"12-Maglione girocollo in cashmere-Navy Blue\", \"fields\": [\"Discount\"]}}, {\"changed\": {\"name\": \"product color\", \"object\": \"12-Maglione girocollo in cashmere-Medium Gray\", \"fields\": [\"Discount\"]}}, {\"changed\": {\"name\": \"product image\", \"object\": \"12-Maglione girocollo in cashmere-Army Green-products/1_iRCNrYc.webp\", \"fields\": [\"Image\"]}}]"
    }
},
{
    "model": "admin.logentry",
    "pk": 251,
    "fields": {
        "action_time": "2024-11-27T17:19:20.051Z",
        "user": [
            "root@root.it"
        ],
        "content_type": [
            "products",
            "category"
        ],
        "object_id": "1",
        "object_repr": "Uomo",
        "action_flag": 2,
        "change_message": "[{\"changed\": {\"fields\": [\"Image\"]}}]"
    }
},
{
    "model": "admin.logentry",
    "pk": 252,
    "fields": {
        "action_time": "2024-11-27T17:19:40.614Z",
        "user": [
            "root@root.it"
        ],
        "content_type": [
            "products",
            "category"
        ],
        "object_id": "1",
        "object_repr": "Uomo",
        "action_flag": 2,
        "change_message": "[{\"changed\": {\"fields\": [\"Image\"]}}]"
    }
},
{
    "model": "admin.logentry",
    "pk": 253,
    "fields": {
        "action_time": "2024-11-27T17:19:46.005Z",
        "user": [
            "root@root.it"
        ],
        "content_type": [
            "products",
            "category"
        ],
        "object_id": "2",
        "object_repr": "Donna",
        "action_flag": 2,
        "change_message": "[{\"changed\": {\"fields\": [\"Image\"]}}]"
    }
},
{
    "model": "admin.logentry",
    "pk": 254,
    "fields": {
        "action_time": "2024-11-27T17:20:01.834Z",
        "user": [
            "root@root.it"
        ],
        "content_type": [
            "products",
            "category"
        ],
        "object_id": "2",
        "object_repr": "Donna",
        "action_flag": 2,
        "change_message": "[{\"changed\": {\"fields\": [\"Image\"]}}]"
    }
},
{
    "model": "admin.logentry",
    "pk": 255,
    "fields": {
        "action_time": "2024-11-27T17:20:05.991Z",
        "user": [
            "root@root.it"
        ],
        "content_type": [
            "products",
            "category"
        ],
        "object_id": "1",
        "object_repr": "Uomo",
        "action_flag": 2,
        "change_message": "[{\"changed\": {\"fields\": [\"Image\"]}}]"
    }
},
{
    "model": "admin.logentry",
    "pk": 256,
    "fields": {
        "action_time": "2024-11-27T17:20:13.866Z",
        "user": [
            "root@root.it"
        ],
        "content_type": [
            "products",
            "category"
        ],
        "object_id": "1",
        "object_repr": "Uomo",
        "action_flag": 2,
        "change_message": "[{\"changed\": {\"fields\": [\"Image\"]}}]"
    }
},
{
    "model": "admin.logentry",
    "pk": 257,
    "fields": {
        "action_time": "2024-11-27T17:30:19.513Z",
        "user": [
            "root@root.it"
        ],
        "content_type": [
            "products",
            "category"
        ],
        "object_id": "2",
        "object_repr": "Donna",
        "action_flag": 2,
        "change_message": "[{\"changed\": {\"fields\": [\"Image\"]}}]"
    }
},
{
    "model": "admin.logentry",
    "pk": 258,
    "fields": {
        "action_time": "2024-11-27T17:30:32.665Z",
        "user": [
            "root@root.it"
        ],
        "content_type": [
            "products",
            "category"
        ],
        "object_id": "2",
        "object_repr": "Donna",
        "action_flag": 2,
        "change_message": "[{\"changed\": {\"fields\": [\"Image\"]}}]"
    }
},
{
    "model": "admin.logentry",
    "pk": 259,
    "fields": {
        "action_time": "2024-11-27T17:34:57.341Z",
        "user": [
            "root@root.it"
        ],
        "content_type": [
            "products",
            "category"
        ],
        "object_id": "1",
        "object_repr": "Uomo",
        "action_flag": 2,
        "change_message": "[{\"changed\": {\"fields\": [\"Image\"]}}]"
    }
},
{
    "model": "admin.logentry",
    "pk": 260,
    "fields": {
        "action_time": "2024-11-27T17:35:04.678Z",
        "user": [
            "root@root.it"
        ],
        "content_type": [
            "products",
            "category"
        ],
        "object_id": "1",
        "object_repr": "Uomo",
        "action_flag": 2,
        "change_message": "[{\"changed\": {\"fields\": [\"Image\"]}}]"
    }
},
{
    "model": "admin.logentry",
    "pk": 261,
    "fields": {
        "action_time": "2024-11-27T17:39:28.908Z",
        "user": [
            "root@root.it"
        ],
        "content_type": [
            "products",
            "category"
        ],
        "object_id": "3",
        "object_repr": "Bambini",
        "action_flag": 2,
        "change_message": "[{\"changed\": {\"fields\": [\"Image\"]}}]"
    }
},
{
    "model": "admin.logentry",
    "pk": 262,
    "fields": {
        "action_time": "2024-11-27T17:39:38.138Z",
        "user": [
            "root@root.it"
        ],
        "content_type": [
            "products",
            "category"
        ],
        "object_id": "3",
        "object_repr": "Bambini",
        "action_flag": 2,
        "change_message": "[{\"changed\": {\"fields\": [\"Image\"]}}]"
    }
},
{
    "model": "admin.logentry",
    "pk": 263,
    "fields": {
        "action_time": "2024-11-27T17:42:02.082Z",
        "user": [
            "root@root.it"
        ],
        "content_type": [
            "products",
            "category"
        ],
        "object_id": "3",
        "object_repr": "Bambini",
        "action_flag": 2,
        "change_message": "[{\"changed\": {\"fields\": [\"Image\"]}}]"
    }
},
{
    "model": "admin.logentry",
    "pk": 264,
    "fields": {
        "action_time": "2024-11-27T17:42:13.569Z",
        "user": [
            "root@root.it"
        ],
        "content_type": [
            "products",
            "category"
        ],
        "object_id": "3",
        "object_repr": "Bambini",
        "action_flag": 2,
        "change_message": "[{\"changed\": {\"fields\": [\"Image\"]}}]"
    }
},
{
    "model": "admin.logentry",
    "pk": 265,
    "fields": {
        "action_time": "2024-11-27T17:45:31.388Z",
        "user": [
            "root@root.it"
        ],
        "content_type": [
            "products",
            "category"
        ],
        "object_id": "3",
        "object_repr": "Bambini",
        "action_flag": 2,
        "change_message": "[{\"changed\": {\"fields\": [\"Image\"]}}]"
    }
},
{
    "model": "admin.logentry",
    "pk": 266,
    "fields": {
        "action_time": "2024-11-27T17:45:39.357Z",
        "user": [
            "root@root.it"
        ],
        "content_type": [
            "products",
            "category"
        ],
        "object_id": "3",
        "object_repr": "Bambini",
        "action_flag": 2,
        "change_message": "[{\"changed\": {\"fields\": [\"Image\"]}}]"
    }
},
{
    "model": "admin.logentry",
    "pk": 267,
    "fields": {
        "action_time": "2024-12-17T22:39:15.637Z",
        "user": [
            "root@root.it"
        ],
        "content_type": [
            "orders",
            "orderitem"
        ],
        "object_id": "15",
        "object_repr": "OrderItem object (15)",
        "action_flag": 2,
        "change_message": "[{\"deleted\": {\"name\": \"return item\", \"object\": \"ReturnItem object (None)\"}}]"
    }
},
{
    "model": "admin.logentry",
    "pk": 268,
    "fields": {
        "action_time": "2024-12-17T22:51:10.607Z",
        "user": [
            "root@root.it"
        ],
        "content_type": [
            "orders",
            "orderitem"
        ],
        "object_id": "15",
        "object_repr": "OrderItem object (15)",
        "action_flag": 2,
        "change_message": "[{\"deleted\": {\"name\": \"return item\", \"object\": \"ReturnItem object (None)\"}}]"
    }
},
{
    "model": "admin.logentry",
    "pk": 269,
    "fields": {
        "action_time": "2024-12-17T22:51:21.783Z",
        "user": [
            "root@root.it"
        ],
        "content_type": [
            "orders",
            "orderitem"
        ],
        "object_id": "15",
        "object_repr": "OrderItem object (15)",
        "action_flag": 2,
        "change_message": "[{\"deleted\": {\"name\": \"return item\", \"object\": \"ReturnItem object (None)\"}}]"
    }
},
{
    "model": "admin.logentry",
    "pk": 270,
    "fields": {
        "action_time": "2024-12-17T22:52:36.022Z",
        "user": [
            "root@root.it"
        ],
        "content_type": [
            "orders",
            "orderitem"
        ],
        "object_id": "15",
        "object_repr": "OrderItem object (15)",
        "action_flag": 2,
        "change_message": "[{\"deleted\": {\"name\": \"return item\", \"object\": \"ReturnItem object (None)\"}}]"
    }
},
{
    "model": "admin.logentry",
    "pk": 271,
    "fields": {
        "action_time": "2024-12-17T22:54:33.416Z",
        "user": [
            "root@root.it"
        ],
        "content_type": [
            "orders",
            "orderitem"
        ],
        "object_id": "15",
        "object_repr": "OrderItem object (15)",
        "action_flag": 2,
        "change_message": "[{\"deleted\": {\"name\": \"return item\", \"object\": \"ReturnItem object (None)\"}}]"
    }
},
{
    "model": "admin.logentry",
    "pk": 272,
    "fields": {
        "action_time": "2024-12-17T22:56:36.874Z",
        "user": [
            "root@root.it"
        ],
        "content_type": [
            "orders",
            "orderitem"
        ],
        "object_id": "15",
        "object_repr": "OrderItem object (15)",
        "action_flag": 2,
        "change_message": "[{\"deleted\": {\"name\": \"return item\", \"object\": \"ReturnItem object (None)\"}}]"
    }
}
]
